,County,Date,Death,Negative,Percent_Tested,Percentage of County Population,Population,Positive,Unnamed: 0,Unnamed: 0.1
0,Anderson,2020-03-20,0.0,,,,,1.0,0.0,0.0
1,Anderson,2020-03-21,0.0,,,,,1.0,1.0,1.0
2,Anderson,2020-03-22,0.0,,,,,1.0,2.0,2.0
3,Anderson,2020-03-23,0.0,,,,,1.0,3.0,3.0
4,Anderson,2020-03-24,0.0,,,,,1.0,4.0,4.0
5,Anderson,2020-03-25,0.0,,,,,3.0,5.0,5.0
6,Anderson,2020-03-26,0.0,,,,,3.0,6.0,6.0
7,Anderson,2020-03-27,0.0,,,,,4.0,7.0,7.0
8,Anderson,2020-03-28,,,,0.006,76978.0,5.0,8.0,8.0
9,Anderson,2020-03-29,,,,0.008,76978.0,6.0,9.0,9.0
10,Anderson,2020-03-30,,,,0.012,76978.0,9.0,10.0,10.0
11,Anderson,2020-03-31,,129.0,0.2,0.013000000000000001,76978.0,10.0,11.0,11.0
12,Anderson,2020-04-01,,135.0,0.2,0.013000000000000001,76978.0,10.0,12.0,12.0
13,Anderson,2020-04-02,,164.0,0.2,0.013000000000000001,76978.0,10.0,13.0,13.0
14,Anderson,2020-04-03,,180.0,0.2,0.013000000000000001,76978.0,10.0,14.0,14.0
15,Anderson,2020-04-04,,203.0,0.3,0.013000000000000001,76978.0,10.0,15.0,15.0
16,Anderson,2020-04-05,,217.0,0.3,0.013000000000000001,76978.0,10.0,16.0,16.0
17,Anderson,2020-04-06,,231.0,0.3,0.013000000000000001,76978.0,10.0,17.0,17.0
18,Anderson,2020-04-07,,270.0,0.4,0.013999999999999999,76978.0,11.0,18.0,18.0
19,Bedford,2020-03-25,0.0,,,,,1.0,19.0,19.0
20,Bedford,2020-03-26,0.0,,,,,1.0,20.0,20.0
21,Bedford,2020-03-27,0.0,,,,,1.0,21.0,21.0
22,Bedford,2020-03-28,,,,0.002,49713.0,1.0,22.0,22.0
23,Bedford,2020-03-29,,,,0.002,49713.0,1.0,23.0,23.0
24,Bedford,2020-03-30,,,,0.002,49713.0,1.0,24.0,24.0
25,Bedford,2020-03-31,,74.0,0.2,0.004,49713.0,2.0,25.0,25.0
26,Bedford,2020-04-01,,77.0,0.2,0.008,49713.0,4.0,26.0,26.0
27,Bedford,2020-04-02,,110.0,0.2,0.012,49713.0,6.0,27.0,27.0
28,Bedford,2020-04-03,,119.0,0.3,0.012,49713.0,6.0,28.0,28.0
29,Bedford,2020-04-04,,120.0,0.3,0.016,49713.0,8.0,29.0,29.0
30,Bedford,2020-04-05,,141.0,0.3,0.016,49713.0,8.0,30.0,30.0
31,Bedford,2020-04-06,,153.0,0.3,0.016,49713.0,8.0,31.0,31.0
32,Bedford,2020-04-07,,164.0,0.4,0.02,49713.0,10.0,32.0,32.0
33,Benton,2020-03-26,0.0,,,,,1.0,33.0,33.0
34,Benton,2020-03-27,0.0,,,,,2.0,34.0,34.0
35,Benton,2020-03-28,,,,0.019,16160.0,3.0,35.0,35.0
36,Benton,2020-03-29,,,,0.019,16160.0,3.0,36.0,36.0
37,Benton,2020-03-30,,,,0.019,16160.0,3.0,37.0,37.0
38,Benton,2020-03-31,,32.0,0.2,0.025,16160.0,4.0,38.0,38.0
39,Benton,2020-04-01,,35.0,0.2,0.025,16160.0,4.0,39.0,39.0
40,Benton,2020-04-02,,36.0,0.2,0.025,16160.0,4.0,40.0,40.0
41,Benton,2020-04-03,,38.0,0.3,0.025,16160.0,4.0,41.0,41.0
42,Benton,2020-04-04,,47.0,0.3,0.025,16160.0,4.0,42.0,42.0
43,Benton,2020-04-05,,52.0,0.3,0.025,16160.0,4.0,43.0,43.0
44,Benton,2020-04-06,,54.0,0.4,0.025,16160.0,4.0,44.0,44.0
45,Benton,2020-04-07,,58.0,0.4,0.025,16160.0,4.0,45.0,45.0
46,Bledsoe,2020-03-28,,,,0.013000000000000001,15064.0,2.0,46.0,46.0
47,Bledsoe,2020-03-29,,,,0.013000000000000001,15064.0,2.0,47.0,47.0
48,Bledsoe,2020-03-30,,,,0.013000000000000001,15064.0,2.0,48.0,48.0
49,Bledsoe,2020-03-31,,8.0,0.1,0.013000000000000001,15064.0,2.0,49.0,49.0
50,Bledsoe,2020-04-01,,8.0,0.1,0.013000000000000001,15064.0,2.0,50.0,50.0
51,Bledsoe,2020-04-02,,15.0,0.1,0.013000000000000001,15064.0,2.0,51.0,51.0
52,Bledsoe,2020-04-03,,22.0,0.2,0.013000000000000001,15064.0,2.0,52.0,52.0
53,Bledsoe,2020-04-04,,22.0,0.2,0.013000000000000001,15064.0,2.0,53.0,53.0
54,Bledsoe,2020-04-05,,23.0,0.2,0.02,15064.0,3.0,54.0,54.0
55,Bledsoe,2020-04-06,,24.0,0.2,0.02,15064.0,3.0,55.0,55.0
56,Bledsoe,2020-04-07,,32.0,0.2,0.02,15064.0,3.0,56.0,56.0
57,Blount,2020-03-20,0.0,,,,,1.0,57.0,57.0
58,Blount,2020-03-21,0.0,,,,,1.0,58.0,58.0
59,Blount,2020-03-22,0.0,,,,,1.0,59.0,59.0
60,Blount,2020-03-23,0.0,,,,,1.0,60.0,60.0
61,Blount,2020-03-24,0.0,,,,,3.0,61.0,61.0
62,Blount,2020-03-25,0.0,,,,,3.0,62.0,62.0
63,Blount,2020-03-26,0.0,,,,,4.0,63.0,63.0
64,Blount,2020-03-27,0.0,,,,,6.0,64.0,64.0
65,Blount,2020-03-28,,,,0.006999999999999999,133088.0,9.0,65.0,65.0
66,Blount,2020-03-29,,,,0.006999999999999999,133088.0,9.0,66.0,66.0
67,Blount,2020-03-30,,,,0.008,133088.0,10.0,67.0,67.0
68,Blount,2020-03-31,,124.0,0.1,0.019,133088.0,25.0,68.0,68.0
69,Blount,2020-04-01,,131.0,0.1,0.021,133088.0,28.0,69.0,69.0
70,Blount,2020-04-02,,148.0,0.1,0.024,133088.0,32.0,70.0,70.0
71,Blount,2020-04-03,,169.0,0.2,0.025,133088.0,33.0,71.0,71.0
72,Blount,2020-04-04,,259.0,0.2,0.026000000000000002,133088.0,34.0,72.0,72.0
73,Blount,2020-04-05,1.0,282.0,0.2,0.027000000000000003,133088.0,36.0,73.0,73.0
74,Blount,2020-04-06,2.0,294.0,0.2,0.028999999999999998,133088.0,38.0,74.0,74.0
75,Blount,2020-04-07,2.0,349.0,0.3,0.031,133088.0,41.0,75.0,75.0
76,Bradley,2020-03-20,0.0,,,,,1.0,76.0,76.0
77,Bradley,2020-03-21,0.0,,,,,1.0,77.0,77.0
78,Bradley,2020-03-22,0.0,,,,,2.0,78.0,78.0
79,Bradley,2020-03-23,0.0,,,,,2.0,79.0,79.0
80,Bradley,2020-03-24,0.0,,,,,2.0,80.0,80.0
81,Bradley,2020-03-25,0.0,,,,,3.0,81.0,81.0
82,Bradley,2020-03-26,0.0,,,,,5.0,82.0,82.0
83,Bradley,2020-03-27,0.0,,,,,6.0,83.0,83.0
84,Bradley,2020-03-28,,,,0.005,108110.0,5.0,84.0,84.0
85,Bradley,2020-03-29,,,,0.006999999999999999,108110.0,8.0,85.0,85.0
86,Bradley,2020-03-30,,,,0.008,108110.0,9.0,86.0,86.0
87,Bradley,2020-03-31,,109.0,0.1,0.009000000000000001,108110.0,10.0,87.0,87.0
88,Bradley,2020-04-01,,142.0,0.1,0.013000000000000001,108110.0,14.0,88.0,88.0
89,Bradley,2020-04-02,,171.0,0.2,0.017,108110.0,18.0,89.0,89.0
90,Bradley,2020-04-03,,191.0,0.2,0.019,108110.0,21.0,90.0,90.0
91,Bradley,2020-04-04,,207.0,0.2,0.019,108110.0,21.0,91.0,91.0
92,Bradley,2020-04-05,,208.0,0.2,0.019,108110.0,21.0,92.0,92.0
93,Bradley,2020-04-06,,226.0,0.2,0.021,108110.0,23.0,93.0,93.0
94,Bradley,2020-04-07,,268.0,0.3,0.023,108110.0,25.0,94.0,94.0
95,Campbell,2020-03-14,0.0,,,,,1.0,95.0,95.0
96,Campbell,2020-03-15,0.0,,,,,1.0,96.0,96.0
97,Campbell,2020-03-16,0.0,,,,,1.0,97.0,97.0
98,Campbell,2020-03-17,0.0,,,,,1.0,98.0,98.0
99,Campbell,2020-03-18,0.0,,,,,1.0,99.0,99.0
100,Campbell,2020-03-19,0.0,,,,,1.0,100.0,100.0
101,Campbell,2020-03-20,0.0,,,,,1.0,101.0,101.0
102,Campbell,2020-03-21,0.0,,,,,2.0,102.0,102.0
103,Campbell,2020-03-22,0.0,,,,,2.0,103.0,103.0
104,Campbell,2020-03-23,0.0,,,,,2.0,104.0,104.0
105,Campbell,2020-03-24,0.0,,,,,2.0,105.0,105.0
106,Campbell,2020-03-25,0.0,,,,,2.0,106.0,106.0
107,Campbell,2020-03-26,0.0,,,,,2.0,107.0,107.0
108,Campbell,2020-03-27,0.0,,,,,4.0,108.0,108.0
109,Campbell,2020-03-28,,,,0.01,39842.0,4.0,109.0,109.0
110,Campbell,2020-03-29,,,,0.01,39842.0,4.0,110.0,110.0
111,Campbell,2020-03-30,,,,0.01,39842.0,4.0,111.0,111.0
112,Campbell,2020-03-31,,54.0,0.1,0.01,39842.0,4.0,112.0,112.0
113,Campbell,2020-04-01,,56.0,0.2,0.01,39842.0,4.0,113.0,113.0
114,Campbell,2020-04-02,,66.0,0.2,0.01,39842.0,4.0,114.0,114.0
115,Campbell,2020-04-03,,73.0,0.2,0.01,39842.0,4.0,115.0,115.0
116,Campbell,2020-04-04,,78.0,0.2,0.013000000000000001,39842.0,5.0,116.0,116.0
117,Campbell,2020-04-05,,84.0,0.2,0.013000000000000001,39842.0,5.0,117.0,117.0
118,Campbell,2020-04-06,,88.0,0.2,0.013000000000000001,39842.0,5.0,118.0,118.0
119,Campbell,2020-04-07,,101.0,0.3,0.015,39842.0,6.0,119.0,119.0
120,Cannon,2020-03-26,0.0,,,,,1.0,120.0,120.0
121,Cannon,2020-03-27,0.0,,,,,2.0,121.0,121.0
122,Cannon,2020-03-28,,,,0.02,14678.0,3.0,122.0,122.0
123,Cannon,2020-03-29,,,,0.013999999999999999,14678.0,2.0,123.0,123.0
124,Cannon,2020-03-30,,,,0.013999999999999999,14678.0,2.0,124.0,124.0
125,Cannon,2020-03-31,,47.0,0.3,0.02,14678.0,3.0,125.0,125.0
126,Cannon,2020-04-01,,50.0,0.4,0.02,14678.0,3.0,126.0,126.0
127,Cannon,2020-04-02,,59.0,0.4,0.027000000000000003,14678.0,4.0,127.0,127.0
128,Cannon,2020-04-03,,64.0,0.5,0.027000000000000003,14678.0,4.0,128.0,128.0
129,Cannon,2020-04-04,,67.0,0.5,0.027000000000000003,14678.0,4.0,129.0,129.0
130,Cannon,2020-04-05,,70.0,0.5,0.040999999999999995,14678.0,6.0,130.0,130.0
131,Cannon,2020-04-06,,79.0,0.6,0.048,14678.0,7.0,131.0,131.0
132,Cannon,2020-04-07,,82.0,0.6,0.048,14678.0,7.0,132.0,132.0
133,Carroll,2020-03-21,0.0,,,,,1.0,133.0,133.0
134,Carroll,2020-03-22,0.0,,,,,2.0,134.0,134.0
135,Carroll,2020-03-23,0.0,,,,,2.0,135.0,135.0
136,Carroll,2020-03-24,0.0,,,,,3.0,136.0,136.0
137,Carroll,2020-03-25,0.0,,,,,3.0,137.0,137.0
138,Carroll,2020-03-26,0.0,,,,,3.0,138.0,138.0
139,Carroll,2020-03-27,0.0,,,,,4.0,139.0,139.0
140,Carroll,2020-03-28,,,,0.013999999999999999,27767.0,4.0,140.0,140.0
141,Carroll,2020-03-29,,,,0.018000000000000002,27767.0,5.0,141.0,141.0
142,Carroll,2020-03-30,,,,0.018000000000000002,27767.0,5.0,142.0,142.0
143,Carroll,2020-03-31,,79.0,0.3,0.018000000000000002,27767.0,5.0,143.0,143.0
144,Carroll,2020-04-01,,83.0,0.3,0.018000000000000002,27767.0,5.0,144.0,144.0
145,Carroll,2020-04-02,,91.0,0.3,0.018000000000000002,27767.0,5.0,145.0,145.0
146,Carroll,2020-04-03,,105.0,0.4,0.022000000000000002,27767.0,6.0,146.0,146.0
147,Carroll,2020-04-04,,114.0,0.4,0.022000000000000002,27767.0,6.0,147.0,147.0
148,Carroll,2020-04-05,,120.0,0.5,0.025,27767.0,7.0,148.0,148.0
149,Carroll,2020-04-06,,127.0,0.5,0.028999999999999998,27767.0,8.0,149.0,149.0
150,Carroll,2020-04-07,,141.0,0.5,0.028999999999999998,27767.0,8.0,150.0,150.0
151,Carter,2020-03-28,,,,0.002,56391.0,1.0,151.0,151.0
152,Carter,2020-03-29,,,,0.002,56391.0,1.0,152.0,152.0
153,Carter,2020-03-30,,,,0.002,56391.0,1.0,153.0,153.0
154,Carter,2020-03-31,,52.0,0.1,0.002,56391.0,1.0,154.0,154.0
155,Carter,2020-04-01,,54.0,0.1,0.002,56391.0,1.0,155.0,155.0
156,Carter,2020-04-02,,68.0,0.1,0.002,56391.0,1.0,156.0,156.0
157,Carter,2020-04-03,,69.0,0.1,0.005,56391.0,3.0,157.0,157.0
158,Carter,2020-04-04,,74.0,0.1,0.005,56391.0,3.0,158.0,158.0
159,Carter,2020-04-05,,78.0,0.1,0.005,56391.0,3.0,159.0,159.0
160,Carter,2020-04-06,,79.0,0.1,0.005,56391.0,3.0,160.0,160.0
161,Carter,2020-04-07,,95.0,0.2,0.005,56391.0,3.0,161.0,161.0
162,Cheatham,2020-03-18,0.0,,,,,1.0,162.0,162.0
163,Cheatham,2020-03-19,0.0,,,,,1.0,163.0,163.0
164,Cheatham,2020-03-20,0.0,,,,,2.0,164.0,164.0
165,Cheatham,2020-03-21,0.0,,,,,2.0,165.0,165.0
166,Cheatham,2020-03-22,0.0,,,,,4.0,166.0,166.0
167,Cheatham,2020-03-23,0.0,,,,,4.0,167.0,167.0
168,Cheatham,2020-03-24,0.0,,,,,5.0,168.0,168.0
169,Cheatham,2020-03-25,0.0,,,,,7.0,169.0,169.0
170,Cheatham,2020-03-26,0.0,,,,,7.0,170.0,170.0
171,Cheatham,2020-03-27,0.0,,,,,7.0,171.0,171.0
172,Cheatham,2020-03-28,,,,0.017,40667.0,7.0,172.0,172.0
173,Cheatham,2020-03-29,,,,0.02,40667.0,8.0,173.0,173.0
174,Cheatham,2020-03-30,,,,0.02,40667.0,8.0,174.0,174.0
175,Cheatham,2020-03-31,,155.0,0.4,0.025,40667.0,10.0,175.0,175.0
176,Cheatham,2020-04-01,,164.0,0.4,0.027000000000000003,40667.0,11.0,176.0,176.0
177,Cheatham,2020-04-02,,196.0,0.5,0.027000000000000003,40667.0,11.0,177.0,177.0
178,Cheatham,2020-04-03,,217.0,0.6,0.027000000000000003,40667.0,11.0,178.0,178.0
179,Cheatham,2020-04-04,,239.0,0.6,0.03,40667.0,12.0,179.0,179.0
180,Cheatham,2020-04-05,,260.0,0.7,0.032,40667.0,13.0,180.0,180.0
181,Cheatham,2020-04-06,,282.0,0.7,0.032,40667.0,13.0,181.0,181.0
182,Cheatham,2020-04-07,,331.0,0.8,0.032,40667.0,13.0,182.0,182.0
183,Chester,2020-03-22,0.0,,,,,1.0,183.0,183.0
184,Chester,2020-03-23,0.0,,,,,1.0,184.0,184.0
185,Chester,2020-03-24,0.0,,,,,1.0,185.0,185.0
186,Chester,2020-03-25,0.0,,,,,1.0,186.0,186.0
187,Chester,2020-03-26,0.0,,,,,2.0,187.0,187.0
188,Chester,2020-03-27,0.0,,,,,2.0,188.0,188.0
189,Chester,2020-03-28,,,,0.012,17297.0,2.0,189.0,189.0
190,Chester,2020-03-29,,,,0.012,17297.0,2.0,190.0,190.0
191,Chester,2020-03-30,,,,0.017,17297.0,3.0,191.0,191.0
192,Chester,2020-03-31,,43.0,0.3,0.017,17297.0,3.0,192.0,192.0
193,Chester,2020-04-01,,45.0,0.3,0.017,17297.0,3.0,193.0,193.0
194,Chester,2020-04-02,,49.0,0.3,0.017,17297.0,3.0,194.0,194.0
195,Chester,2020-04-03,,53.0,0.3,0.028999999999999998,17297.0,5.0,195.0,195.0
196,Chester,2020-04-04,,58.0,0.4,0.035,17297.0,6.0,196.0,196.0
197,Chester,2020-04-05,,66.0,0.4,0.035,17297.0,6.0,197.0,197.0
198,Chester,2020-04-06,,72.0,0.5,0.035,17297.0,6.0,198.0,198.0
199,Chester,2020-04-07,,85.0,0.5,0.04,17297.0,7.0,199.0,199.0
200,Claiborne,2020-03-24,0.0,,,,,1.0,200.0,200.0
201,Claiborne,2020-03-25,0.0,,,,,1.0,201.0,201.0
202,Claiborne,2020-03-26,0.0,,,,,2.0,202.0,202.0
203,Claiborne,2020-03-27,0.0,,,,,2.0,203.0,203.0
204,Claiborne,2020-03-28,,,,0.006,31959.0,2.0,204.0,204.0
205,Claiborne,2020-03-29,,,,0.006,31959.0,2.0,205.0,205.0
206,Claiborne,2020-03-30,,,,0.006,31959.0,2.0,206.0,206.0
207,Claiborne,2020-03-31,,24.0,0.1,0.006,31959.0,2.0,207.0,207.0
208,Claiborne,2020-04-01,,24.0,0.1,0.006,31959.0,2.0,208.0,208.0
209,Claiborne,2020-04-02,,39.0,0.1,0.006,31959.0,2.0,209.0,209.0
210,Claiborne,2020-04-03,,45.0,0.1,0.006,31959.0,2.0,210.0,210.0
211,Claiborne,2020-04-04,,53.0,0.2,0.006,31959.0,2.0,211.0,211.0
212,Claiborne,2020-04-05,,55.0,0.2,0.006,31959.0,2.0,212.0,212.0
213,Claiborne,2020-04-06,,63.0,0.2,0.006,31959.0,2.0,213.0,213.0
214,Claiborne,2020-04-07,,71.0,0.2,0.006,31959.0,2.0,214.0,214.0
215,Clay,2020-03-31,,22.0,0.3,0.0,7615.0,0.0,215.0,215.0
216,Clay,2020-04-01,,25.0,0.3,0.013000000000000001,7615.0,1.0,216.0,216.0
217,Clay,2020-04-02,,28.0,0.4,0.013000000000000001,7615.0,1.0,217.0,217.0
218,Clay,2020-04-03,,47.0,0.6,0.013000000000000001,7615.0,1.0,218.0,218.0
219,Clay,2020-04-04,,47.0,0.6,0.013000000000000001,7615.0,1.0,219.0,219.0
220,Clay,2020-04-05,,54.0,0.7,0.013000000000000001,7615.0,1.0,220.0,220.0
221,Clay,2020-04-06,,75.0,1.0,0.013000000000000001,7615.0,1.0,221.0,221.0
222,Clay,2020-04-07,,78.0,1.0,0.013000000000000001,7615.0,1.0,222.0,222.0
223,Cocke,2020-03-21,0.0,,,,,1.0,223.0,223.0
224,Cocke,2020-03-22,0.0,,,,,1.0,224.0,224.0
225,Cocke,2020-03-23,0.0,,,,,1.0,225.0,225.0
226,Cocke,2020-03-24,0.0,,,,,1.0,226.0,226.0
227,Cocke,2020-03-25,0.0,,,,,1.0,227.0,227.0
228,Cocke,2020-03-26,0.0,,,,,1.0,228.0,228.0
229,Cocke,2020-03-27,0.0,,,,,1.0,229.0,229.0
230,Cocke,2020-03-28,,,,0.003,36004.0,1.0,230.0,230.0
231,Cocke,2020-03-29,,,,0.003,36004.0,1.0,231.0,231.0
232,Cocke,2020-03-30,,,,0.003,36004.0,1.0,232.0,232.0
233,Cocke,2020-03-31,,40.0,0.1,0.003,36004.0,1.0,233.0,233.0
234,Cocke,2020-04-01,,42.0,0.1,0.003,36004.0,1.0,234.0,234.0
235,Cocke,2020-04-02,,53.0,0.1,0.003,36004.0,1.0,235.0,235.0
236,Cocke,2020-04-03,,57.0,0.2,0.003,36004.0,1.0,236.0,236.0
237,Cocke,2020-04-04,,62.0,0.2,0.003,36004.0,1.0,237.0,237.0
238,Cocke,2020-04-05,,67.0,0.2,0.003,36004.0,1.0,238.0,238.0
239,Cocke,2020-04-06,,69.0,0.2,0.003,36004.0,1.0,239.0,239.0
240,Cocke,2020-04-07,,76.0,0.2,0.006,36004.0,2.0,240.0,240.0
241,Coffee,2020-03-29,,,,0.002,56520.0,1.0,241.0,241.0
242,Coffee,2020-03-30,,,,0.002,56520.0,1.0,242.0,242.0
243,Coffee,2020-03-31,,120.0,0.2,0.002,56520.0,1.0,243.0,243.0
244,Coffee,2020-04-01,,126.0,0.2,0.002,56520.0,1.0,244.0,244.0
245,Coffee,2020-04-02,,135.0,0.2,0.005,56520.0,3.0,245.0,245.0
246,Coffee,2020-04-03,,167.0,0.3,0.005,56520.0,3.0,246.0,246.0
247,Coffee,2020-04-04,,189.0,0.3,0.006999999999999999,56520.0,4.0,247.0,247.0
248,Coffee,2020-04-05,,203.0,0.4,0.009000000000000001,56520.0,5.0,248.0,248.0
249,Coffee,2020-04-06,,210.0,0.4,0.012,56520.0,7.0,249.0,249.0
250,Coffee,2020-04-07,,223.0,0.4,0.012,56520.0,7.0,250.0,250.0
251,Crockett,2020-03-31,,17.0,0.1,0.0,14230.0,0.0,251.0,251.0
252,Crockett,2020-04-01,,20.0,0.1,0.0,14230.0,0.0,252.0,252.0
253,Crockett,2020-04-02,,29.0,0.2,0.0,14230.0,0.0,253.0,253.0
254,Crockett,2020-04-03,,32.0,0.2,0.0,14230.0,0.0,254.0,254.0
255,Crockett,2020-04-04,,35.0,0.2,0.0,14230.0,0.0,255.0,255.0
256,Crockett,2020-04-05,,36.0,0.3,0.0,14230.0,0.0,256.0,256.0
257,Crockett,2020-04-06,,39.0,0.3,0.0,14230.0,0.0,257.0,257.0
258,Crockett,2020-04-07,,52.0,0.4,0.0,14230.0,0.0,258.0,258.0
259,Cumberland,2020-03-19,0.0,,,,,1.0,259.0,259.0
260,Cumberland,2020-03-20,0.0,,,,,2.0,260.0,260.0
261,Cumberland,2020-03-21,0.0,,,,,2.0,261.0,261.0
262,Cumberland,2020-03-22,0.0,,,,,2.0,262.0,262.0
263,Cumberland,2020-03-23,0.0,,,,,2.0,263.0,263.0
264,Cumberland,2020-03-24,0.0,,,,,3.0,264.0,264.0
265,Cumberland,2020-03-25,0.0,,,,,3.0,265.0,265.0
266,Cumberland,2020-03-26,0.0,,,,,6.0,266.0,266.0
267,Cumberland,2020-03-27,0.0,,,,,6.0,267.0,267.0
268,Cumberland,2020-03-28,,,,0.01,60520.0,6.0,268.0,268.0
269,Cumberland,2020-03-29,,,,0.015,60520.0,9.0,269.0,269.0
270,Cumberland,2020-03-30,,,,0.018000000000000002,60520.0,11.0,270.0,270.0
271,Cumberland,2020-03-31,,241.0,0.4,0.018000000000000002,60520.0,11.0,271.0,271.0
272,Cumberland,2020-04-01,,266.0,0.5,0.023,60520.0,14.0,272.0,272.0
273,Cumberland,2020-04-02,,296.0,0.5,0.026000000000000002,60520.0,16.0,273.0,273.0
274,Cumberland,2020-04-03,,347.0,0.6,0.036000000000000004,60520.0,22.0,274.0,274.0
275,Cumberland,2020-04-04,,372.0,0.7,0.038,60520.0,23.0,275.0,275.0
276,Cumberland,2020-04-05,,424.0,0.7,0.043,60520.0,26.0,276.0,276.0
277,Cumberland,2020-04-06,,448.0,0.8,0.043,60520.0,26.0,277.0,277.0
278,Cumberland,2020-04-07,,525.0,0.9,0.053,60520.0,32.0,278.0,278.0
279,Davidson,2020-03-08,0.0,,,,,1.0,279.0,279.0
280,Davidson,2020-03-09,0.0,,,,,1.0,280.0,280.0
281,Davidson,2020-03-10,0.0,,,,,1.0,281.0,281.0
282,Davidson,2020-03-11,0.0,,,,,2.0,282.0,282.0
283,Davidson,2020-03-12,0.0,,,,,6.0,283.0,283.0
284,Davidson,2020-03-13,0.0,,,,,10.0,284.0,284.0
285,Davidson,2020-03-14,0.0,,,,,14.0,285.0,285.0
286,Davidson,2020-03-15,0.0,,,,,17.0,286.0,286.0
287,Davidson,2020-03-16,0.0,,,,,25.0,287.0,287.0
288,Davidson,2020-03-17,0.0,,,,,42.0,288.0,288.0
289,Davidson,2020-03-18,0.0,,,,,58.0,289.0,289.0
290,Davidson,2020-03-19,0.0,,,,,75.0,290.0,290.0
291,Davidson,2020-03-20,0.0,,,,,110.0,291.0,291.0
292,Davidson,2020-03-21,2.0,,,,,140.0,292.0,292.0
293,Davidson,2020-03-22,2.0,,,,,167.0,293.0,293.0
294,Davidson,2020-03-23,2.0,,,,,184.0,294.0,294.0
295,Davidson,2020-03-24,2.0,,,,,253.0,295.0,295.0
296,Davidson,2020-03-25,2.0,,,,,257.0,296.0,296.0
297,Davidson,2020-03-26,2.0,,,,,293.0,297.0,297.0
298,Davidson,2020-03-27,2.0,,,,,312.0,298.0,298.0
299,Davidson,2020-03-28,,,,0.035,694144.0,243.0,299.0,299.0
300,Davidson,2020-03-29,,,,0.037000000000000005,694144.0,260.0,300.0,300.0
301,Davidson,2020-03-30,,,,0.052000000000000005,694144.0,364.0,301.0,301.0
302,Davidson,2020-03-31,,3885.0,0.6,0.055999999999999994,694144.0,391.0,302.0,302.0
303,Davidson,2020-04-01,4.0,4235.0,0.7,0.061,694144.0,423.0,303.0,303.0
304,Davidson,2020-04-02,6.0,4813.0,0.8,0.08900000000000001,694144.0,617.0,304.0,304.0
305,Davidson,2020-04-03,6.0,5113.0,0.8,0.099,694144.0,685.0,305.0,305.0
306,Davidson,2020-04-04,6.0,5445.0,0.9,0.107,694144.0,741.0,306.0,306.0
307,Davidson,2020-04-05,6.0,5719.0,0.9,0.115,694144.0,801.0,307.0,307.0
308,Davidson,2020-04-06,7.0,5979.0,1.0,0.11800000000000001,694144.0,819.0,308.0,308.0
309,Davidson,2020-04-07,9.0,6359.0,1.0,0.128,694144.0,888.0,309.0,309.0
310,DeKalb,2020-03-24,0.0,,,,,1.0,310.0,310.0
311,DeKalb,2020-03-25,0.0,,,,,1.0,311.0,311.0
312,DeKalb,2020-03-26,0.0,,,,,2.0,312.0,312.0
313,DeKalb,2020-03-27,0.0,,,,,3.0,313.0,313.0
314,DeKalb,2020-03-28,0.0,,,,,3.0,314.0,314.0
315,DeKalb,2020-03-29,0.0,,,,,3.0,315.0,315.0
316,DeKalb,2020-03-30,0.0,,,,,4.0,316.0,316.0
317,DeKalb,2020-03-31,0.0,,,,,4.0,317.0,317.0
318,DeKalb,2020-04-01,0.0,,,,,5.0,318.0,318.0
319,Decatur,2020-03-28,,,,0.009000000000000001,11663.0,1.0,319.0,319.0
320,Decatur,2020-03-29,,,,0.009000000000000001,11663.0,1.0,320.0,320.0
321,Decatur,2020-03-31,,30.0,0.3,0.0,11663.0,0.0,321.0,321.0
322,Decatur,2020-04-01,,31.0,0.3,0.0,11663.0,0.0,322.0,322.0
323,Decatur,2020-04-02,,38.0,0.3,0.0,11663.0,0.0,323.0,323.0
324,Decatur,2020-04-03,,39.0,0.3,0.0,11663.0,0.0,324.0,324.0
325,Decatur,2020-04-04,,47.0,0.4,0.0,11663.0,0.0,325.0,325.0
326,Decatur,2020-04-05,,48.0,0.4,0.0,11663.0,0.0,326.0,326.0
327,Decatur,2020-04-06,,50.0,0.4,0.0,11663.0,0.0,327.0,327.0
328,Decatur,2020-04-07,,57.0,0.5,0.0,11663.0,0.0,328.0,328.0
329,Dekalb,2020-04-01,,,,,20490.0,,329.0,329.0
330,Dekalb,2020-04-02,,75.0,0.4,0.024,20490.0,5.0,330.0,330.0
331,Dekalb,2020-04-03,,85.0,0.4,0.024,20490.0,5.0,331.0,331.0
332,Dekalb,2020-04-04,,92.0,0.5,0.024,20490.0,5.0,332.0,332.0
333,Dekalb,2020-04-05,,105.0,0.5,0.034,20490.0,7.0,333.0,333.0
334,Dekalb,2020-04-06,,107.0,0.6,0.034,20490.0,7.0,334.0,334.0
335,Dekalb,2020-04-07,,119.0,0.6,0.034,20490.0,7.0,335.0,335.0
336,Dickson,2020-03-20,0.0,,,,,2.0,336.0,336.0
337,Dickson,2020-03-21,0.0,,,,,3.0,337.0,337.0
338,Dickson,2020-03-22,0.0,,,,,4.0,338.0,338.0
339,Dickson,2020-03-23,0.0,,,,,4.0,339.0,339.0
340,Dickson,2020-03-24,0.0,,,,,5.0,340.0,340.0
341,Dickson,2020-03-25,0.0,,,,,5.0,341.0,341.0
342,Dickson,2020-03-26,0.0,,,,,7.0,342.0,342.0
343,Dickson,2020-03-27,0.0,,,,,9.0,343.0,343.0
344,Dickson,2020-03-28,,,,0.02,53948.0,11.0,344.0,344.0
345,Dickson,2020-03-29,,,,0.02,53948.0,11.0,345.0,345.0
346,Dickson,2020-03-30,,,,0.022000000000000002,53948.0,12.0,346.0,346.0
347,Dickson,2020-03-31,,124.0,0.3,0.032,53948.0,17.0,347.0,347.0
348,Dickson,2020-04-01,,127.0,0.3,0.033,53948.0,18.0,348.0,348.0
349,Dickson,2020-04-02,,147.0,0.3,0.037000000000000005,53948.0,20.0,349.0,349.0
350,Dickson,2020-04-03,,158.0,0.3,0.039,53948.0,21.0,350.0,350.0
351,Dickson,2020-04-04,,173.0,0.4,0.040999999999999995,53948.0,22.0,351.0,351.0
352,Dickson,2020-04-05,,186.0,0.4,0.043,53948.0,23.0,352.0,352.0
353,Dickson,2020-04-06,,193.0,0.4,0.044000000000000004,53948.0,24.0,353.0,353.0
354,Dickson,2020-04-07,,210.0,0.4,0.05,53948.0,27.0,354.0,354.0
355,Dyer,2020-03-19,0.0,,,,,1.0,355.0,355.0
356,Dyer,2020-03-20,0.0,,,,,1.0,356.0,356.0
357,Dyer,2020-03-21,0.0,,,,,2.0,357.0,357.0
358,Dyer,2020-03-22,0.0,,,,,2.0,358.0,358.0
359,Dyer,2020-03-23,0.0,,,,,2.0,359.0,359.0
360,Dyer,2020-03-24,0.0,,,,,2.0,360.0,360.0
361,Dyer,2020-03-25,0.0,,,,,2.0,361.0,361.0
362,Dyer,2020-03-26,0.0,,,,,3.0,362.0,362.0
363,Dyer,2020-03-27,0.0,,,,,3.0,363.0,363.0
364,Dyer,2020-03-28,,,,0.008,37159.0,3.0,364.0,364.0
365,Dyer,2020-03-29,,,,0.008,37159.0,3.0,365.0,365.0
366,Dyer,2020-03-30,,,,0.008,37159.0,3.0,366.0,366.0
367,Dyer,2020-03-31,,52.0,0.1,0.008,37159.0,3.0,367.0,367.0
368,Dyer,2020-04-01,,63.0,0.2,0.008,37159.0,3.0,368.0,368.0
369,Dyer,2020-04-02,,82.0,0.2,0.013000000000000001,37159.0,5.0,369.0,369.0
370,Dyer,2020-04-03,,90.0,0.3,0.013000000000000001,37159.0,5.0,370.0,370.0
371,Dyer,2020-04-04,,104.0,0.3,0.019,37159.0,7.0,371.0,371.0
372,Dyer,2020-04-05,,113.0,0.3,0.024,37159.0,9.0,372.0,372.0
373,Dyer,2020-04-06,,116.0,0.3,0.024,37159.0,9.0,373.0,373.0
374,Dyer,2020-04-07,,130.0,0.4,0.027000000000000003,37159.0,10.0,374.0,374.0
375,Fayette,2020-03-21,0.0,,,,,1.0,375.0,375.0
376,Fayette,2020-03-22,0.0,,,,,3.0,376.0,376.0
377,Fayette,2020-03-23,0.0,,,,,3.0,377.0,377.0
378,Fayette,2020-03-24,0.0,,,,,3.0,378.0,378.0
379,Fayette,2020-03-25,0.0,,,,,3.0,379.0,379.0
380,Fayette,2020-03-26,0.0,,,,,3.0,380.0,380.0
381,Fayette,2020-03-27,0.0,,,,,3.0,381.0,381.0
382,Fayette,2020-03-28,,,,0.01,41133.0,4.0,382.0,382.0
383,Fayette,2020-03-29,,,,0.024,41133.0,10.0,383.0,383.0
384,Fayette,2020-03-30,,,,0.024,41133.0,10.0,384.0,384.0
385,Fayette,2020-03-31,,120.0,0.3,0.028999999999999998,41133.0,12.0,385.0,385.0
386,Fayette,2020-04-01,,131.0,0.4,0.034,41133.0,14.0,386.0,386.0
387,Fayette,2020-04-02,,148.0,0.4,0.034,41133.0,14.0,387.0,387.0
388,Fayette,2020-04-03,,155.0,0.4,0.040999999999999995,41133.0,17.0,388.0,388.0
389,Fayette,2020-04-04,,172.0,0.5,0.044000000000000004,41133.0,18.0,389.0,389.0
390,Fayette,2020-04-05,,169.0,0.5,0.049,41133.0,20.0,390.0,390.0
391,Fayette,2020-04-06,,177.0,0.5,0.051,41133.0,21.0,391.0,391.0
392,Fayette,2020-04-07,,189.0,0.5,0.051,41133.0,21.0,392.0,392.0
393,Fentress,2020-03-30,,,,0.005,18523.0,1.0,393.0,393.0
394,Fentress,2020-03-31,,44.0,0.2,0.005,18523.0,1.0,394.0,394.0
395,Fentress,2020-04-01,,48.0,0.3,0.005,18523.0,1.0,395.0,395.0
396,Fentress,2020-04-02,,52.0,0.3,0.005,18523.0,1.0,396.0,396.0
397,Fentress,2020-04-03,,54.0,0.3,0.005,18523.0,1.0,397.0,397.0
398,Fentress,2020-04-04,,62.0,0.3,0.005,18523.0,1.0,398.0,398.0
399,Fentress,2020-04-05,,67.0,0.4,0.011000000000000001,18523.0,2.0,399.0,399.0
400,Fentress,2020-04-06,,73.0,0.4,0.011000000000000001,18523.0,2.0,400.0,400.0
401,Fentress,2020-04-07,,84.0,0.5,0.011000000000000001,18523.0,2.0,401.0,401.0
402,Franklin,2020-03-22,0.0,,,,,1.0,402.0,402.0
403,Franklin,2020-03-23,0.0,,,,,1.0,403.0,403.0
404,Franklin,2020-03-24,0.0,,,,,1.0,404.0,404.0
405,Franklin,2020-03-25,0.0,,,,,1.0,405.0,405.0
406,Franklin,2020-03-26,0.0,,,,,3.0,406.0,406.0
407,Franklin,2020-03-27,0.0,,,,,3.0,407.0,407.0
408,Franklin,2020-03-28,,,,0.006999999999999999,42208.0,3.0,408.0,408.0
409,Franklin,2020-03-29,,,,0.013999999999999999,42208.0,6.0,409.0,409.0
410,Franklin,2020-03-30,,,,0.012,42208.0,5.0,410.0,410.0
411,Franklin,2020-03-31,,68.0,0.2,0.012,42208.0,5.0,411.0,411.0
412,Franklin,2020-04-01,,68.0,0.2,0.017,42208.0,7.0,412.0,412.0
413,Franklin,2020-04-02,,97.0,0.2,0.019,42208.0,8.0,413.0,413.0
414,Franklin,2020-04-03,1.0,106.0,0.3,0.027999999999999997,42208.0,12.0,414.0,414.0
415,Franklin,2020-04-04,1.0,113.0,0.3,0.027999999999999997,42208.0,12.0,415.0,415.0
416,Franklin,2020-04-05,1.0,115.0,0.3,0.027999999999999997,42208.0,12.0,416.0,416.0
417,Franklin,2020-04-06,1.0,125.0,0.3,0.033,42208.0,14.0,417.0,417.0
418,Franklin,2020-04-07,1.0,136.0,0.4,0.033,42208.0,14.0,418.0,418.0
419,Gibson,2020-03-22,0.0,,,,,1.0,419.0,419.0
420,Gibson,2020-03-23,0.0,,,,,1.0,420.0,420.0
421,Gibson,2020-03-24,0.0,,,,,2.0,421.0,421.0
422,Gibson,2020-03-25,0.0,,,,,2.0,422.0,422.0
423,Gibson,2020-03-26,0.0,,,,,2.0,423.0,423.0
424,Gibson,2020-03-27,0.0,,,,,2.0,424.0,424.0
425,Gibson,2020-03-28,,,,0.004,49133.0,2.0,425.0,425.0
426,Gibson,2020-03-29,,,,0.006,49133.0,3.0,426.0,426.0
427,Gibson,2020-03-30,,,,0.01,49133.0,5.0,427.0,427.0
428,Gibson,2020-03-31,,90.0,0.2,0.012,49133.0,6.0,428.0,428.0
429,Gibson,2020-04-01,,111.0,0.2,0.012,49133.0,6.0,429.0,429.0
430,Gibson,2020-04-02,,143.0,0.3,0.012,49133.0,6.0,430.0,430.0
431,Gibson,2020-04-03,,150.0,0.3,0.013999999999999999,49133.0,7.0,431.0,431.0
432,Gibson,2020-04-04,,178.0,0.4,0.016,49133.0,8.0,432.0,432.0
433,Gibson,2020-04-05,,187.0,0.4,0.022000000000000002,49133.0,11.0,433.0,433.0
434,Gibson,2020-04-06,,195.0,0.4,0.024,49133.0,12.0,434.0,434.0
435,Gibson,2020-04-07,,226.0,0.5,0.026000000000000002,49133.0,13.0,435.0,435.0
436,Giles,2020-03-30,,,,0.003,29464.0,1.0,436.0,436.0
437,Giles,2020-03-31,,70.0,0.2,0.01,29464.0,3.0,437.0,437.0
438,Giles,2020-04-01,,72.0,0.3,0.01,29464.0,3.0,438.0,438.0
439,Giles,2020-04-02,,76.0,0.3,0.01,29464.0,3.0,439.0,439.0
440,Giles,2020-04-03,,80.0,0.3,0.01,29464.0,3.0,440.0,440.0
441,Giles,2020-04-04,,82.0,0.3,0.01,29464.0,3.0,441.0,441.0
442,Giles,2020-04-05,,78.0,0.3,0.01,29464.0,3.0,442.0,442.0
443,Giles,2020-04-06,,85.0,0.3,0.01,29464.0,3.0,443.0,443.0
444,Giles,2020-04-07,,112.0,0.4,0.01,29464.0,3.0,444.0,444.0
445,Grainger,2020-03-31,,36.0,0.2,0.0,23320.0,0.0,445.0,445.0
446,Grainger,2020-04-01,,37.0,0.2,0.013000000000000001,23320.0,3.0,446.0,446.0
447,Grainger,2020-04-02,,41.0,0.2,0.013000000000000001,23320.0,3.0,447.0,447.0
448,Grainger,2020-04-03,,44.0,0.2,0.013000000000000001,23320.0,3.0,448.0,448.0
449,Grainger,2020-04-04,,45.0,0.2,0.013000000000000001,23320.0,3.0,449.0,449.0
450,Grainger,2020-04-05,,48.0,0.2,0.013000000000000001,23320.0,3.0,450.0,450.0
451,Grainger,2020-04-06,,48.0,0.2,0.013000000000000001,23320.0,3.0,451.0,451.0
452,Grainger,2020-04-07,,54.0,0.2,0.013000000000000001,23320.0,3.0,452.0,452.0
453,Greene,2020-03-20,0.0,,,,,1.0,453.0,453.0
454,Greene,2020-03-21,0.0,,,,,1.0,454.0,454.0
455,Greene,2020-03-22,0.0,,,,,2.0,455.0,455.0
456,Greene,2020-03-23,0.0,,,,,2.0,456.0,456.0
457,Greene,2020-03-24,0.0,,,,,5.0,457.0,457.0
458,Greene,2020-03-25,0.0,,,,,7.0,458.0,458.0
459,Greene,2020-03-26,0.0,,,,,8.0,459.0,459.0
460,Greene,2020-03-27,0.0,,,,,8.0,460.0,460.0
461,Greene,2020-03-28,,,,0.012,69069.0,8.0,461.0,461.0
462,Greene,2020-03-29,,,,0.013000000000000001,69069.0,9.0,462.0,462.0
463,Greene,2020-03-30,,,,0.017,69069.0,12.0,463.0,463.0
464,Greene,2020-03-31,,61.0,0.1,0.017,69069.0,12.0,464.0,464.0
465,Greene,2020-04-01,1.0,66.0,0.1,0.022000000000000002,69069.0,15.0,465.0,465.0
466,Greene,2020-04-02,1.0,87.0,0.1,0.023,69069.0,16.0,466.0,466.0
467,Greene,2020-04-03,1.0,89.0,0.2,0.023,69069.0,16.0,467.0,467.0
468,Greene,2020-04-04,1.0,90.0,0.2,0.023,69069.0,16.0,468.0,468.0
469,Greene,2020-04-05,1.0,88.0,0.2,0.025,69069.0,17.0,469.0,469.0
470,Greene,2020-04-06,1.0,92.0,0.2,0.025,69069.0,17.0,470.0,470.0
471,Greene,2020-04-07,1.0,117.0,0.2,0.026000000000000002,69069.0,18.0,471.0,471.0
472,Grundy,2020-03-24,0.0,,,,,1.0,472.0,472.0
473,Grundy,2020-03-25,0.0,,,,,1.0,473.0,473.0
474,Grundy,2020-03-26,0.0,,,,,1.0,474.0,474.0
475,Grundy,2020-03-27,0.0,,,,,1.0,475.0,475.0
476,Grundy,2020-03-28,,,,0.015,13427.0,2.0,476.0,476.0
477,Grundy,2020-03-29,,,,0.015,13427.0,2.0,477.0,477.0
478,Grundy,2020-03-30,,,,0.015,13427.0,2.0,478.0,478.0
479,Grundy,2020-03-31,,22.0,0.2,0.03,13427.0,4.0,479.0,479.0
480,Grundy,2020-04-01,,23.0,0.2,0.045,13427.0,6.0,480.0,480.0
481,Grundy,2020-04-02,,35.0,0.3,0.06,13427.0,8.0,481.0,481.0
482,Grundy,2020-04-03,,37.0,0.4,0.08199999999999999,13427.0,11.0,482.0,482.0
483,Grundy,2020-04-04,,43.0,0.4,0.08900000000000001,13427.0,12.0,483.0,483.0
484,Grundy,2020-04-05,,51.0,0.5,0.08900000000000001,13427.0,12.0,484.0,484.0
485,Grundy,2020-04-06,,52.0,0.5,0.11199999999999999,13427.0,15.0,485.0,485.0
486,Grundy,2020-04-07,,69.0,0.6,0.11900000000000001,13427.0,16.0,486.0,486.0
487,Hamblen,2020-03-20,0.0,,,,,1.0,487.0,487.0
488,Hamblen,2020-03-21,0.0,,,,,2.0,488.0,488.0
489,Hamblen,2020-03-22,0.0,,,,,2.0,489.0,489.0
490,Hamblen,2020-03-23,0.0,,,,,2.0,490.0,490.0
491,Hamblen,2020-03-24,0.0,,,,,2.0,491.0,491.0
492,Hamblen,2020-03-25,0.0,,,,,2.0,492.0,492.0
493,Hamblen,2020-03-26,0.0,,,,,2.0,493.0,493.0
494,Hamblen,2020-03-27,0.0,,,,,2.0,494.0,494.0
495,Hamblen,2020-03-28,,,,0.003,64934.0,2.0,495.0,495.0
496,Hamblen,2020-03-29,,,,0.003,64934.0,2.0,496.0,496.0
497,Hamblen,2020-03-30,,,,0.003,64934.0,2.0,497.0,497.0
498,Hamblen,2020-03-31,,65.0,0.1,0.003,64934.0,2.0,498.0,498.0
499,Hamblen,2020-04-01,,67.0,0.1,0.005,64934.0,3.0,499.0,499.0
500,Hamblen,2020-04-02,,90.0,0.1,0.005,64934.0,3.0,500.0,500.0
501,Hamblen,2020-04-03,,95.0,0.2,0.005,64934.0,3.0,501.0,501.0
502,Hamblen,2020-04-04,,107.0,0.2,0.006,64934.0,4.0,502.0,502.0
503,Hamblen,2020-04-05,,114.0,0.2,0.006,64934.0,4.0,503.0,503.0
504,Hamblen,2020-04-06,,128.0,0.2,0.006,64934.0,4.0,504.0,504.0
505,Hamblen,2020-04-07,,150.0,0.2,0.006,64934.0,4.0,505.0,505.0
506,Hamilton,2020-03-13,0.0,,,,,1.0,506.0,506.0
507,Hamilton,2020-03-14,0.0,,,,,1.0,507.0,507.0
508,Hamilton,2020-03-15,0.0,,,,,1.0,508.0,508.0
509,Hamilton,2020-03-16,0.0,,,,,1.0,509.0,509.0
510,Hamilton,2020-03-17,0.0,,,,,1.0,510.0,510.0
511,Hamilton,2020-03-18,0.0,,,,,1.0,511.0,511.0
512,Hamilton,2020-03-19,0.0,,,,,1.0,512.0,512.0
513,Hamilton,2020-03-20,0.0,,,,,5.0,513.0,513.0
514,Hamilton,2020-03-21,0.0,,,,,7.0,514.0,514.0
515,Hamilton,2020-03-22,0.0,,,,,8.0,515.0,515.0
516,Hamilton,2020-03-23,0.0,,,,,8.0,516.0,516.0
517,Hamilton,2020-03-24,0.0,,,,,8.0,517.0,517.0
518,Hamilton,2020-03-25,0.0,,,,,15.0,518.0,518.0
519,Hamilton,2020-03-26,0.0,,,,,28.0,519.0,519.0
520,Hamilton,2020-03-27,0.0,,,,,30.0,520.0,520.0
521,Hamilton,2020-03-28,,,,0.01,367804.0,35.0,521.0,521.0
522,Hamilton,2020-03-29,,,,0.01,367804.0,35.0,522.0,522.0
523,Hamilton,2020-03-30,,,,0.011000000000000001,367804.0,40.0,523.0,523.0
524,Hamilton,2020-03-31,,519.0,0.2,0.013000000000000001,367804.0,48.0,524.0,524.0
525,Hamilton,2020-04-01,2.0,533.0,0.2,0.013999999999999999,367804.0,50.0,525.0,525.0
526,Hamilton,2020-04-02,3.0,671.0,0.2,0.017,367804.0,61.0,526.0,526.0
527,Hamilton,2020-04-03,3.0,718.0,0.2,0.018000000000000002,367804.0,67.0,527.0,527.0
528,Hamilton,2020-04-04,4.0,804.0,0.2,0.019,367804.0,70.0,528.0,528.0
529,Hamilton,2020-04-05,4.0,843.0,0.2,0.02,367804.0,74.0,529.0,529.0
530,Hamilton,2020-04-06,9.0,888.0,0.3,0.023,367804.0,83.0,530.0,530.0
531,Hamilton,2020-04-07,9.0,1025.0,0.3,0.026000000000000002,367804.0,95.0,531.0,531.0
532,Hancock,2020-03-31,,4.0,0.1,0.0,6620.0,0.0,532.0,532.0
533,Hancock,2020-04-01,,5.0,0.1,0.0,6620.0,0.0,533.0,533.0
534,Hancock,2020-04-02,,6.0,0.1,0.0,6620.0,0.0,534.0,534.0
535,Hancock,2020-04-03,,7.0,0.1,0.0,6620.0,0.0,535.0,535.0
536,Hancock,2020-04-04,,9.0,0.1,0.0,6620.0,0.0,536.0,536.0
537,Hancock,2020-04-05,,12.0,0.2,0.0,6620.0,0.0,537.0,537.0
538,Hancock,2020-04-06,,12.0,0.2,0.0,6620.0,0.0,538.0,538.0
539,Hancock,2020-04-07,,12.0,0.2,0.0,6620.0,0.0,539.0,539.0
540,Hardeman,2020-03-28,,,,0.004,25050.0,1.0,540.0,540.0
541,Hardeman,2020-03-29,,,,0.004,25050.0,1.0,541.0,541.0
542,Hardeman,2020-03-30,,,,0.004,25050.0,1.0,542.0,542.0
543,Hardeman,2020-03-31,,35.0,0.1,0.004,25050.0,1.0,543.0,543.0
544,Hardeman,2020-04-01,,36.0,0.2,0.016,25050.0,4.0,544.0,544.0
545,Hardeman,2020-04-02,,55.0,0.2,0.016,25050.0,4.0,545.0,545.0
546,Hardeman,2020-04-03,,58.0,0.3,0.02,25050.0,5.0,546.0,546.0
547,Hardeman,2020-04-04,,84.0,0.4,0.024,25050.0,6.0,547.0,547.0
548,Hardeman,2020-04-05,,89.0,0.4,0.024,25050.0,6.0,548.0,548.0
549,Hardeman,2020-04-06,,91.0,0.4,0.024,25050.0,6.0,549.0,549.0
550,Hardeman,2020-04-07,,104.0,0.4,0.024,25050.0,6.0,550.0,550.0
551,Hardin,2020-03-24,0.0,,,,,1.0,551.0,551.0
552,Hardin,2020-03-25,0.0,,,,,1.0,552.0,552.0
553,Hardin,2020-03-26,0.0,,,,,1.0,553.0,553.0
554,Hardin,2020-03-27,0.0,,,,,1.0,554.0,554.0
555,Hardin,2020-03-28,,,,0.004,25652.0,1.0,555.0,555.0
556,Hardin,2020-03-29,,,,0.004,25652.0,1.0,556.0,556.0
557,Hardin,2020-03-30,,,,0.004,25652.0,1.0,557.0,557.0
558,Hardin,2020-03-31,,84.0,0.3,0.004,25652.0,1.0,558.0,558.0
559,Hardin,2020-04-01,,87.0,0.3,0.008,25652.0,2.0,559.0,559.0
560,Hardin,2020-04-02,,115.0,0.5,0.008,25652.0,2.0,560.0,560.0
561,Hardin,2020-04-03,,120.0,0.5,0.008,25652.0,2.0,561.0,561.0
562,Hardin,2020-04-04,,145.0,0.6,0.008,25652.0,2.0,562.0,562.0
563,Hardin,2020-04-05,,149.0,0.6,0.008,25652.0,2.0,563.0,563.0
564,Hardin,2020-04-06,,152.0,0.6,0.008,25652.0,2.0,564.0,564.0
565,Hardin,2020-04-07,,166.0,0.7,0.008,25652.0,2.0,565.0,565.0
566,Hawkins,2020-03-25,0.0,,,,,1.0,566.0,566.0
567,Hawkins,2020-03-26,0.0,,,,,1.0,567.0,567.0
568,Hawkins,2020-03-27,0.0,,,,,2.0,568.0,568.0
569,Hawkins,2020-03-28,,,,0.004,56786.0,2.0,569.0,569.0
570,Hawkins,2020-03-29,,,,0.004,56786.0,2.0,570.0,570.0
571,Hawkins,2020-03-30,,,,0.006999999999999999,56786.0,4.0,571.0,571.0
572,Hawkins,2020-03-31,,50.0,0.1,0.006999999999999999,56786.0,4.0,572.0,572.0
573,Hawkins,2020-04-01,,51.0,0.1,0.009000000000000001,56786.0,5.0,573.0,573.0
574,Hawkins,2020-04-02,,71.0,0.1,0.012,56786.0,7.0,574.0,574.0
575,Hawkins,2020-04-03,1.0,72.0,0.1,0.013999999999999999,56786.0,8.0,575.0,575.0
576,Hawkins,2020-04-04,1.0,73.0,0.1,0.016,56786.0,9.0,576.0,576.0
577,Hawkins,2020-04-05,1.0,75.0,0.1,0.018000000000000002,56786.0,10.0,577.0,577.0
578,Hawkins,2020-04-06,1.0,77.0,0.2,0.025,56786.0,14.0,578.0,578.0
579,Hawkins,2020-04-07,1.0,104.0,0.2,0.027999999999999997,56786.0,16.0,579.0,579.0
580,Haywood,2020-03-29,,,,0.012,17304.0,2.0,580.0,580.0
581,Haywood,2020-03-30,,,,0.012,17304.0,2.0,581.0,581.0
582,Haywood,2020-03-31,,27.0,0.2,0.012,17304.0,2.0,582.0,582.0
583,Haywood,2020-04-01,,27.0,0.2,0.012,17304.0,2.0,583.0,583.0
584,Haywood,2020-04-02,,41.0,0.2,0.012,17304.0,2.0,584.0,584.0
585,Haywood,2020-04-03,,45.0,0.3,0.012,17304.0,2.0,585.0,585.0
586,Haywood,2020-04-04,,47.0,0.3,0.012,17304.0,2.0,586.0,586.0
587,Haywood,2020-04-05,,51.0,0.3,0.017,17304.0,3.0,587.0,587.0
588,Haywood,2020-04-06,,52.0,0.3,0.028999999999999998,17304.0,5.0,588.0,588.0
589,Haywood,2020-04-07,,60.0,0.4,0.035,17304.0,6.0,589.0,589.0
590,Henderson,2020-03-31,,68.0,0.2,0.0,28117.0,0.0,590.0,590.0
591,Henderson,2020-04-01,,75.0,0.3,0.0,28117.0,0.0,591.0,591.0
592,Henderson,2020-04-02,,86.0,0.3,0.0,28117.0,0.0,592.0,592.0
593,Henderson,2020-04-03,,90.0,0.3,0.0,28117.0,0.0,593.0,593.0
594,Henderson,2020-04-04,,98.0,0.3,0.0,28117.0,0.0,594.0,594.0
595,Henderson,2020-04-05,,98.0,0.4,0.004,28117.0,1.0,595.0,595.0
596,Henderson,2020-04-06,,104.0,0.4,0.004,28117.0,1.0,596.0,596.0
597,Henderson,2020-04-07,,122.0,0.4,0.006999999999999999,28117.0,2.0,597.0,597.0
598,Henry,2020-03-29,,,,0.003,32345.0,1.0,598.0,598.0
599,Henry,2020-03-30,,,,0.003,32345.0,1.0,599.0,599.0
600,Henry,2020-03-31,,59.0,0.2,0.003,32345.0,1.0,600.0,600.0
601,Henry,2020-04-01,,62.0,0.2,0.003,32345.0,1.0,601.0,601.0
602,Henry,2020-04-02,,79.0,0.3,0.012,32345.0,4.0,602.0,602.0
603,Henry,2020-04-03,,89.0,0.3,0.012,32345.0,4.0,603.0,603.0
604,Henry,2020-04-04,,94.0,0.3,0.012,32345.0,4.0,604.0,604.0
605,Henry,2020-04-05,,100.0,0.3,0.012,32345.0,4.0,605.0,605.0
606,Henry,2020-04-06,,103.0,0.3,0.015,32345.0,5.0,606.0,606.0
607,Henry,2020-04-07,,121.0,0.4,0.019,32345.0,6.0,607.0,607.0
608,Hickman,2020-03-31,,53.0,0.2,0.0,25178.0,0.0,608.0,608.0
609,Hickman,2020-04-01,,58.0,0.2,0.004,25178.0,1.0,609.0,609.0
610,Hickman,2020-04-02,,67.0,0.3,0.004,25178.0,1.0,610.0,610.0
611,Hickman,2020-04-03,,73.0,0.3,0.004,25178.0,1.0,611.0,611.0
612,Hickman,2020-04-04,,78.0,0.3,0.004,25178.0,1.0,612.0,612.0
613,Hickman,2020-04-05,,81.0,0.3,0.008,25178.0,2.0,613.0,613.0
614,Hickman,2020-04-06,,83.0,0.3,0.008,25178.0,2.0,614.0,614.0
615,Hickman,2020-04-07,,85.0,0.3,0.008,25178.0,2.0,615.0,615.0
616,Houston,2020-03-22,0.0,,,,,1.0,616.0,616.0
617,Houston,2020-03-23,0.0,,,,,1.0,617.0,617.0
618,Houston,2020-03-24,0.0,,,,,1.0,618.0,618.0
619,Houston,2020-03-25,0.0,,,,,3.0,619.0,619.0
620,Houston,2020-03-26,0.0,,,,,2.0,620.0,620.0
621,Houston,2020-03-27,0.0,,,,,2.0,621.0,621.0
622,Houston,2020-03-28,,,,0.024,8201.0,2.0,622.0,622.0
623,Houston,2020-03-29,,,,0.024,8201.0,2.0,623.0,623.0
624,Houston,2020-03-30,,,,0.012,8201.0,1.0,624.0,624.0
625,Houston,2020-03-31,,70.0,0.9,0.012,8201.0,1.0,625.0,625.0
626,Houston,2020-04-01,,70.0,0.9,0.012,8201.0,1.0,626.0,626.0
627,Houston,2020-04-02,,77.0,1.0,0.012,8201.0,1.0,627.0,627.0
628,Houston,2020-04-03,,83.0,1.0,0.012,8201.0,1.0,628.0,628.0
629,Houston,2020-04-04,,84.0,1.0,0.024,8201.0,2.0,629.0,629.0
630,Houston,2020-04-05,,82.0,1.0,0.024,8201.0,2.0,630.0,630.0
631,Houston,2020-04-06,,85.0,1.1,0.024,8201.0,2.0,631.0,631.0
632,Houston,2020-04-07,,88.0,1.1,0.024,8201.0,2.0,632.0,632.0
633,Humphreys,2020-03-31,,31.0,0.2,0.011000000000000001,18582.0,2.0,633.0,633.0
634,Humphreys,2020-04-01,,31.0,0.2,0.011000000000000001,18582.0,2.0,634.0,634.0
635,Humphreys,2020-04-02,,39.0,0.2,0.011000000000000001,18582.0,2.0,635.0,635.0
636,Humphreys,2020-04-03,,47.0,0.3,0.016,18582.0,3.0,636.0,636.0
637,Humphreys,2020-04-04,,56.0,0.3,0.016,18582.0,3.0,637.0,637.0
638,Humphreys,2020-04-05,,59.0,0.3,0.016,18582.0,3.0,638.0,638.0
639,Humphreys,2020-04-06,,61.0,0.3,0.016,18582.0,3.0,639.0,639.0
640,Humphreys,2020-04-07,,69.0,0.4,0.022000000000000002,18582.0,4.0,640.0,640.0
641,Jackson,2020-03-31,,25.0,0.2,0.0,11786.0,0.0,641.0,641.0
642,Jackson,2020-04-01,,27.0,0.2,0.0,11786.0,0.0,642.0,642.0
643,Jackson,2020-04-02,,29.0,0.3,0.017,11786.0,2.0,643.0,643.0
644,Jackson,2020-04-03,,42.0,0.4,0.025,11786.0,3.0,644.0,644.0
645,Jackson,2020-04-04,,43.0,0.4,0.025,11786.0,3.0,645.0,645.0
646,Jackson,2020-04-05,,47.0,0.4,0.025,11786.0,3.0,646.0,646.0
647,Jackson,2020-04-06,,47.0,0.4,0.025,11786.0,3.0,647.0,647.0
648,Jackson,2020-04-07,,51.0,0.5,0.025,11786.0,3.0,648.0,648.0
649,Jefferson,2020-03-13,0.0,,,,,1.0,649.0,649.0
650,Jefferson,2020-03-14,0.0,,,,,1.0,650.0,650.0
651,Jefferson,2020-03-15,0.0,,,,,1.0,651.0,651.0
652,Jefferson,2020-03-16,0.0,,,,,1.0,652.0,652.0
653,Jefferson,2020-03-17,0.0,,,,,1.0,653.0,653.0
654,Jefferson,2020-03-18,0.0,,,,,1.0,654.0,654.0
655,Jefferson,2020-03-19,0.0,,,,,1.0,655.0,655.0
656,Jefferson,2020-03-20,0.0,,,,,1.0,656.0,656.0
657,Jefferson,2020-03-21,0.0,,,,,1.0,657.0,657.0
658,Jefferson,2020-03-22,0.0,,,,,2.0,658.0,658.0
659,Jefferson,2020-03-23,0.0,,,,,2.0,659.0,659.0
660,Jefferson,2020-03-24,0.0,,,,,4.0,660.0,660.0
661,Jefferson,2020-03-25,0.0,,,,,4.0,661.0,661.0
662,Jefferson,2020-03-26,0.0,,,,,4.0,662.0,662.0
663,Jefferson,2020-03-27,0.0,,,,,5.0,663.0,663.0
664,Jefferson,2020-03-28,,,,0.009000000000000001,54495.0,5.0,664.0,664.0
665,Jefferson,2020-03-29,,,,0.009000000000000001,54495.0,5.0,665.0,665.0
666,Jefferson,2020-03-30,,,,0.009000000000000001,54495.0,5.0,666.0,666.0
667,Jefferson,2020-03-31,,69.0,0.1,0.011000000000000001,54495.0,6.0,667.0,667.0
668,Jefferson,2020-04-01,,73.0,0.1,0.011000000000000001,54495.0,6.0,668.0,668.0
669,Jefferson,2020-04-02,,87.0,0.2,0.011000000000000001,54495.0,6.0,669.0,669.0
670,Jefferson,2020-04-03,,99.0,0.2,0.011000000000000001,54495.0,6.0,670.0,670.0
671,Jefferson,2020-04-04,,108.0,0.2,0.011000000000000001,54495.0,6.0,671.0,671.0
672,Jefferson,2020-04-05,,110.0,0.2,0.011000000000000001,54495.0,6.0,672.0,672.0
673,Jefferson,2020-04-06,,119.0,0.2,0.013000000000000001,54495.0,7.0,673.0,673.0
674,Jefferson,2020-04-07,,139.0,0.3,0.018000000000000002,54495.0,10.0,674.0,674.0
675,Johnson,2020-03-28,,,,0.006,17788.0,1.0,675.0,675.0
676,Johnson,2020-03-29,,,,0.011000000000000001,17788.0,2.0,676.0,676.0
677,Johnson,2020-03-30,,,,0.011000000000000001,17788.0,2.0,677.0,677.0
678,Johnson,2020-03-31,,5.0,0.0,0.011000000000000001,17788.0,2.0,678.0,678.0
679,Johnson,2020-04-01,,5.0,0.0,0.011000000000000001,17788.0,2.0,679.0,679.0
680,Johnson,2020-04-02,,7.0,0.1,0.011000000000000001,17788.0,2.0,680.0,680.0
681,Johnson,2020-04-03,,10.0,0.1,0.011000000000000001,17788.0,2.0,681.0,681.0
682,Johnson,2020-04-04,,10.0,0.1,0.011000000000000001,17788.0,2.0,682.0,682.0
683,Johnson,2020-04-05,,12.0,0.1,0.011000000000000001,17788.0,2.0,683.0,683.0
684,Johnson,2020-04-06,,12.0,0.1,0.011000000000000001,17788.0,2.0,684.0,684.0
685,Johnson,2020-04-07,,13.0,0.1,0.011000000000000001,17788.0,2.0,685.0,685.0
686,Knox,2020-03-12,0.0,,,,,1.0,686.0,686.0
687,Knox,2020-03-13,0.0,,,,,1.0,687.0,687.0
688,Knox,2020-03-14,0.0,,,,,1.0,688.0,688.0
689,Knox,2020-03-15,0.0,,,,,1.0,689.0,689.0
690,Knox,2020-03-16,0.0,,,,,1.0,690.0,690.0
691,Knox,2020-03-17,0.0,,,,,2.0,691.0,691.0
692,Knox,2020-03-18,0.0,,,,,2.0,692.0,692.0
693,Knox,2020-03-19,0.0,,,,,2.0,693.0,693.0
694,Knox,2020-03-20,0.0,,,,,3.0,694.0,694.0
695,Knox,2020-03-21,0.0,,,,,4.0,695.0,695.0
696,Knox,2020-03-22,0.0,,,,,5.0,696.0,696.0
697,Knox,2020-03-23,0.0,,,,,5.0,697.0,697.0
698,Knox,2020-03-24,0.0,,,,,15.0,698.0,698.0
699,Knox,2020-03-25,0.0,,,,,20.0,699.0,699.0
700,Knox,2020-03-26,0.0,,,,,26.0,700.0,700.0
701,Knox,2020-03-27,0.0,,,,,31.0,701.0,701.0
702,Knox,2020-03-28,,,,0.006999999999999999,470313.0,33.0,702.0,702.0
703,Knox,2020-03-29,,,,0.008,470313.0,38.0,703.0,703.0
704,Knox,2020-03-30,,,,0.011000000000000001,470313.0,52.0,704.0,704.0
705,Knox,2020-03-31,,637.0,0.1,0.013999999999999999,470313.0,66.0,705.0,705.0
706,Knox,2020-04-01,1.0,673.0,0.2,0.017,470313.0,78.0,706.0,706.0
707,Knox,2020-04-02,1.0,885.0,0.2,0.02,470313.0,92.0,707.0,707.0
708,Knox,2020-04-03,1.0,966.0,0.2,0.021,470313.0,98.0,708.0,708.0
709,Knox,2020-04-04,1.0,1070.0,0.2,0.021,470313.0,99.0,709.0,709.0
710,Knox,2020-04-05,1.0,1121.0,0.3,0.024,470313.0,115.0,710.0,710.0
711,Knox,2020-04-06,3.0,1177.0,0.3,0.025,470313.0,119.0,711.0,711.0
712,Knox,2020-04-07,3.0,1530.0,0.4,0.03,470313.0,143.0,712.0,712.0
713,Lake,2020-03-31,,10.0,0.1,0.0,7016.0,0.0,713.0,713.0
714,Lake,2020-04-01,,12.0,0.2,0.0,7016.0,0.0,714.0,714.0
715,Lake,2020-04-02,,16.0,0.2,0.0,7016.0,0.0,715.0,715.0
716,Lake,2020-04-03,,16.0,0.2,0.0,7016.0,0.0,716.0,716.0
717,Lake,2020-04-04,,18.0,0.3,0.0,7016.0,0.0,717.0,717.0
718,Lake,2020-04-05,,19.0,0.3,0.0,7016.0,0.0,718.0,718.0
719,Lake,2020-04-06,,20.0,0.3,0.0,7016.0,0.0,719.0,719.0
720,Lake,2020-04-07,,22.0,0.3,0.0,7016.0,0.0,720.0,720.0
721,Lauderdale,2020-03-31,,28.0,0.1,0.0,25633.0,0.0,721.0,721.0
722,Lauderdale,2020-04-01,,30.0,0.1,0.004,25633.0,1.0,722.0,722.0
723,Lauderdale,2020-04-02,,43.0,0.2,0.008,25633.0,2.0,723.0,723.0
724,Lauderdale,2020-04-03,,45.0,0.2,0.008,25633.0,2.0,724.0,724.0
725,Lauderdale,2020-04-04,,61.0,0.2,0.008,25633.0,2.0,725.0,725.0
726,Lauderdale,2020-04-05,,56.0,0.2,0.008,25633.0,2.0,726.0,726.0
727,Lauderdale,2020-04-06,,64.0,0.3,0.02,25633.0,5.0,727.0,727.0
728,Lauderdale,2020-04-07,,74.0,0.3,0.02,25633.0,5.0,728.0,728.0
729,Lawrence,2020-03-30,,,,0.005,44142.0,2.0,729.0,729.0
730,Lawrence,2020-03-31,,97.0,0.2,0.005,44142.0,2.0,730.0,730.0
731,Lawrence,2020-04-01,,104.0,0.2,0.005,44142.0,2.0,731.0,731.0
732,Lawrence,2020-04-02,,129.0,0.3,0.005,44142.0,2.0,732.0,732.0
733,Lawrence,2020-04-03,,140.0,0.3,0.006999999999999999,44142.0,3.0,733.0,733.0
734,Lawrence,2020-04-04,,152.0,0.4,0.006999999999999999,44142.0,3.0,734.0,734.0
735,Lawrence,2020-04-05,,155.0,0.4,0.006999999999999999,44142.0,3.0,735.0,735.0
736,Lawrence,2020-04-06,,164.0,0.4,0.009000000000000001,44142.0,4.0,736.0,736.0
737,Lawrence,2020-04-07,,197.0,0.5,0.013999999999999999,44142.0,6.0,737.0,737.0
738,Lewis,2020-03-25,0.0,,,,,1.0,738.0,738.0
739,Lewis,2020-03-26,0.0,,,,,2.0,739.0,739.0
740,Lewis,2020-03-27,0.0,,,,,2.0,740.0,740.0
741,Lewis,2020-03-28,,,,0.016,12268.0,2.0,741.0,741.0
742,Lewis,2020-03-29,,,,0.016,12268.0,2.0,742.0,742.0
743,Lewis,2020-03-30,,,,0.016,12268.0,2.0,743.0,743.0
744,Lewis,2020-03-31,,16.0,0.1,0.016,12268.0,2.0,744.0,744.0
745,Lewis,2020-04-01,,16.0,0.1,0.016,12268.0,2.0,745.0,745.0
746,Lewis,2020-04-02,,18.0,0.2,0.016,12268.0,2.0,746.0,746.0
747,Lewis,2020-04-03,,21.0,0.2,0.016,12268.0,2.0,747.0,747.0
748,Lewis,2020-04-04,,21.0,0.2,0.016,12268.0,2.0,748.0,748.0
749,Lewis,2020-04-05,,21.0,0.2,0.016,12268.0,2.0,749.0,749.0
750,Lewis,2020-04-06,,21.0,0.2,0.016,12268.0,2.0,750.0,750.0
751,Lewis,2020-04-07,,23.0,0.2,0.016,12268.0,2.0,751.0,751.0
752,Lincoln,2020-03-24,0.0,,,,,1.0,752.0,752.0
753,Lincoln,2020-03-25,0.0,,,,,1.0,753.0,753.0
754,Lincoln,2020-03-26,0.0,,,,,1.0,754.0,754.0
755,Lincoln,2020-03-27,0.0,,,,,1.0,755.0,755.0
756,Lincoln,2020-03-28,,,,0.003,34366.0,1.0,756.0,756.0
757,Lincoln,2020-03-29,,,,0.003,34366.0,1.0,757.0,757.0
758,Lincoln,2020-03-30,,,,0.003,34366.0,1.0,758.0,758.0
759,Lincoln,2020-03-31,,45.0,0.1,0.003,34366.0,1.0,759.0,759.0
760,Lincoln,2020-04-01,,46.0,0.1,0.006,34366.0,2.0,760.0,760.0
761,Lincoln,2020-04-02,,54.0,0.2,0.006,34366.0,2.0,761.0,761.0
762,Lincoln,2020-04-03,,55.0,0.2,0.012,34366.0,4.0,762.0,762.0
763,Lincoln,2020-04-04,,64.0,0.2,0.015,34366.0,5.0,763.0,763.0
764,Lincoln,2020-04-05,,63.0,0.2,0.015,34366.0,5.0,764.0,764.0
765,Lincoln,2020-04-06,,64.0,0.2,0.015,34366.0,5.0,765.0,765.0
766,Lincoln,2020-04-07,,67.0,0.2,0.017,34366.0,6.0,766.0,766.0
767,Loudon,2020-03-22,0.0,,,,,1.0,767.0,767.0
768,Loudon,2020-03-23,0.0,,,,,1.0,768.0,768.0
769,Loudon,2020-03-24,0.0,,,,,2.0,769.0,769.0
770,Loudon,2020-03-25,0.0,,,,,3.0,770.0,770.0
771,Loudon,2020-03-26,0.0,,,,,6.0,771.0,771.0
772,Loudon,2020-03-27,0.0,,,,,6.0,772.0,772.0
773,Loudon,2020-03-28,,,,0.011000000000000001,54068.0,6.0,773.0,773.0
774,Loudon,2020-03-29,,,,0.015,54068.0,8.0,774.0,774.0
775,Loudon,2020-03-30,,,,0.015,54068.0,8.0,775.0,775.0
776,Loudon,2020-03-31,,82.0,0.2,0.015,54068.0,8.0,776.0,776.0
777,Loudon,2020-04-01,,88.0,0.2,0.015,54068.0,8.0,777.0,777.0
778,Loudon,2020-04-02,,119.0,0.2,0.017,54068.0,9.0,778.0,778.0
779,Loudon,2020-04-03,,134.0,0.3,0.022000000000000002,54068.0,12.0,779.0,779.0
780,Loudon,2020-04-04,,144.0,0.3,0.024,54068.0,13.0,780.0,780.0
781,Loudon,2020-04-05,,148.0,0.3,0.024,54068.0,13.0,781.0,781.0
782,Loudon,2020-04-06,,158.0,0.3,0.024,54068.0,13.0,782.0,782.0
783,Loudon,2020-04-07,,176.0,0.4,0.027999999999999997,54068.0,15.0,783.0,783.0
784,Macon,2020-03-26,0.0,,,,,1.0,784.0,784.0
785,Macon,2020-03-27,0.0,,,,,1.0,785.0,785.0
786,Macon,2020-03-28,,,,0.008,24602.0,2.0,786.0,786.0
787,Macon,2020-03-29,,,,0.012,24602.0,3.0,787.0,787.0
788,Macon,2020-03-30,,,,0.012,24602.0,3.0,788.0,788.0
789,Macon,2020-03-31,,57.0,0.2,0.016,24602.0,4.0,789.0,789.0
790,Macon,2020-04-01,,66.0,0.3,0.016,24602.0,4.0,790.0,790.0
791,Macon,2020-04-02,,96.0,0.4,0.02,24602.0,5.0,791.0,791.0
792,Macon,2020-04-03,,145.0,0.6,0.027999999999999997,24602.0,7.0,792.0,792.0
793,Macon,2020-04-04,,156.0,0.7,0.027999999999999997,24602.0,7.0,793.0,793.0
794,Macon,2020-04-05,,165.0,0.7,0.037000000000000005,24602.0,9.0,794.0,794.0
795,Macon,2020-04-06,1.0,169.0,0.7,0.045,24602.0,11.0,795.0,795.0
796,Macon,2020-04-07,1.0,178.0,0.8,0.049,24602.0,12.0,796.0,796.0
797,Madison,2020-03-24,0.0,,,,,1.0,797.0,797.0
798,Madison,2020-03-25,0.0,,,,,2.0,798.0,798.0
799,Madison,2020-03-26,0.0,,,,,2.0,799.0,799.0
800,Madison,2020-03-27,0.0,,,,,3.0,800.0,800.0
801,Madison,2020-03-28,,,,0.003,97984.0,3.0,801.0,801.0
802,Madison,2020-03-29,,,,0.003,97984.0,3.0,802.0,802.0
803,Madison,2020-03-30,,,,0.005,97984.0,5.0,803.0,803.0
804,Madison,2020-03-31,,131.0,0.1,0.005,97984.0,5.0,804.0,804.0
805,Madison,2020-04-01,,143.0,0.2,0.006999999999999999,97984.0,7.0,805.0,805.0
806,Madison,2020-04-02,,212.0,0.2,0.013000000000000001,97984.0,13.0,806.0,806.0
807,Madison,2020-04-03,,227.0,0.2,0.017,97984.0,17.0,807.0,807.0
808,Madison,2020-04-04,,251.0,0.3,0.019,97984.0,19.0,808.0,808.0
809,Madison,2020-04-05,,271.0,0.3,0.019,97984.0,19.0,809.0,809.0
810,Madison,2020-04-06,,313.0,0.3,0.022000000000000002,97984.0,22.0,810.0,810.0
811,Madison,2020-04-07,,450.0,0.5,0.044000000000000004,97984.0,43.0,811.0,811.0
812,Marion,2020-03-22,0.0,,,,,1.0,812.0,812.0
813,Marion,2020-03-23,0.0,,,,,1.0,813.0,813.0
814,Marion,2020-03-24,0.0,,,,,1.0,814.0,814.0
815,Marion,2020-03-25,0.0,,,,,1.0,815.0,815.0
816,Marion,2020-03-26,0.0,,,,,2.0,816.0,816.0
817,Marion,2020-03-27,0.0,,,,,2.0,817.0,817.0
818,Marion,2020-03-28,,,,0.013999999999999999,28907.0,4.0,818.0,818.0
819,Marion,2020-03-29,,,,0.017,28907.0,5.0,819.0,819.0
820,Marion,2020-03-30,,,,0.021,28907.0,6.0,820.0,820.0
821,Marion,2020-03-31,,35.0,0.1,0.017,28907.0,5.0,821.0,821.0
822,Marion,2020-04-01,1.0,37.0,0.2,0.027999999999999997,28907.0,8.0,822.0,822.0
823,Marion,2020-04-02,1.0,48.0,0.2,0.045,28907.0,13.0,823.0,823.0
824,Marion,2020-04-03,1.0,51.0,0.2,0.048,28907.0,14.0,824.0,824.0
825,Marion,2020-04-04,1.0,62.0,0.3,0.055,28907.0,16.0,825.0,825.0
826,Marion,2020-04-05,1.0,67.0,0.3,0.055,28907.0,16.0,826.0,826.0
827,Marion,2020-04-06,1.0,67.0,0.3,0.069,28907.0,20.0,827.0,827.0
828,Marion,2020-04-07,1.0,80.0,0.3,0.073,28907.0,21.0,828.0,828.0
829,Marshall,2020-03-30,,,,0.003,34375.0,1.0,829.0,829.0
830,Marshall,2020-03-31,,99.0,0.3,0.003,34375.0,1.0,830.0,830.0
831,Marshall,2020-04-01,,104.0,0.3,0.003,34375.0,1.0,831.0,831.0
832,Marshall,2020-04-02,,119.0,0.4,0.006,34375.0,2.0,832.0,832.0
833,Marshall,2020-04-03,,126.0,0.4,0.012,34375.0,4.0,833.0,833.0
834,Marshall,2020-04-04,,133.0,0.4,0.012,34375.0,4.0,834.0,834.0
835,Marshall,2020-04-05,,140.0,0.4,0.017,34375.0,6.0,835.0,835.0
836,Marshall,2020-04-06,,143.0,0.4,0.026000000000000002,34375.0,9.0,836.0,836.0
837,Marshall,2020-04-07,,149.0,0.5,0.026000000000000002,34375.0,9.0,837.0,837.0
838,Maury,2020-03-20,0.0,,,,,1.0,838.0,838.0
839,Maury,2020-03-21,0.0,,,,,1.0,839.0,839.0
840,Maury,2020-03-22,0.0,,,,,2.0,840.0,840.0
841,Maury,2020-03-23,0.0,,,,,2.0,841.0,841.0
842,Maury,2020-03-24,0.0,,,,,6.0,842.0,842.0
843,Maury,2020-03-25,0.0,,,,,7.0,843.0,843.0
844,Maury,2020-03-26,0.0,,,,,7.0,844.0,844.0
845,Maury,2020-03-27,0.0,,,,,7.0,845.0,845.0
846,Maury,2020-03-28,,,,0.008,96387.0,8.0,846.0,846.0
847,Maury,2020-03-29,,,,0.008,96387.0,8.0,847.0,847.0
848,Maury,2020-03-30,,,,0.011000000000000001,96387.0,11.0,848.0,848.0
849,Maury,2020-03-31,,374.0,0.4,0.016,96387.0,15.0,849.0,849.0
850,Maury,2020-04-01,,391.0,0.4,0.018000000000000002,96387.0,17.0,850.0,850.0
851,Maury,2020-04-02,,409.0,0.4,0.019,96387.0,18.0,851.0,851.0
852,Maury,2020-04-03,,442.0,0.5,0.021,96387.0,20.0,852.0,852.0
853,Maury,2020-04-04,,467.0,0.5,0.022000000000000002,96387.0,21.0,853.0,853.0
854,Maury,2020-04-05,,487.0,0.5,0.022000000000000002,96387.0,21.0,854.0,854.0
855,Maury,2020-04-06,,495.0,0.5,0.025,96387.0,24.0,855.0,855.0
856,Maury,2020-04-07,,524.0,0.6,0.027000000000000003,96387.0,26.0,856.0,856.0
857,McMinn,2020-03-22,0.0,,,,,1.0,857.0,857.0
858,McMinn,2020-03-23,0.0,,,,,1.0,858.0,858.0
859,McMinn,2020-03-24,0.0,,,,,2.0,859.0,859.0
860,McMinn,2020-03-25,0.0,,,,,2.0,860.0,860.0
861,McMinn,2020-03-26,0.0,,,,,3.0,861.0,861.0
862,McMinn,2020-03-27,0.0,,,,,3.0,862.0,862.0
863,McMinn,2020-03-28,0.0,,,,,3.0,863.0,863.0
864,McMinn,2020-03-29,0.0,,,,,3.0,864.0,864.0
865,McMinn,2020-03-30,0.0,,,,,3.0,865.0,865.0
866,McMinn,2020-03-31,0.0,,,,,3.0,866.0,866.0
867,McMinn,2020-04-01,0.0,,,,,3.0,867.0,867.0
868,McNairy,2020-03-29,0.0,,,,,1.0,868.0,868.0
869,McNairy,2020-03-30,0.0,,,,,1.0,869.0,869.0
870,McNairy,2020-03-31,0.0,,,,,1.0,870.0,870.0
871,McNairy,2020-04-01,0.0,,,,,1.0,871.0,871.0
872,Mcminn,2020-04-01,,,,,53794.0,,872.0,872.0
873,Mcnairy,2020-04-01,,,,,25694.0,,873.0,873.0
874,Mcnairy,,,,,,25694.0,,874.0,874.0
875,Meigs,2020-03-26,0.0,,,,,1.0,875.0,875.0
876,Meigs,2020-03-27,0.0,,,,,1.0,876.0,876.0
877,Meigs,2020-03-28,,,,0.008,12422.0,1.0,877.0,877.0
878,Meigs,2020-03-29,,,,0.008,12422.0,1.0,878.0,878.0
879,Meigs,2020-03-30,,,,0.008,12422.0,1.0,879.0,879.0
880,Meigs,2020-03-31,,24.0,0.2,0.008,12422.0,1.0,880.0,880.0
881,Meigs,2020-04-01,,28.0,0.2,0.008,12422.0,1.0,881.0,881.0
882,Meigs,2020-04-02,,43.0,0.4,0.016,12422.0,2.0,882.0,882.0
883,Meigs,2020-04-03,,45.0,0.4,0.016,12422.0,2.0,883.0,883.0
884,Meigs,2020-04-04,,48.0,0.4,0.016,12422.0,2.0,884.0,884.0
885,Meigs,2020-04-05,,50.0,0.4,0.016,12422.0,2.0,885.0,885.0
886,Meigs,2020-04-06,,55.0,0.5,0.016,12422.0,2.0,886.0,886.0
887,Meigs,2020-04-07,,58.0,0.5,0.016,12422.0,2.0,887.0,887.0
888,Monroe,2020-03-21,0.0,,,,,3.0,888.0,888.0
889,Monroe,2020-03-22,0.0,,,,,3.0,889.0,889.0
890,Monroe,2020-03-23,0.0,,,,,3.0,890.0,890.0
891,Monroe,2020-03-24,0.0,,,,,3.0,891.0,891.0
892,Monroe,2020-03-25,0.0,,,,,3.0,892.0,892.0
893,Monroe,2020-03-26,0.0,,,,,3.0,893.0,893.0
894,Monroe,2020-03-27,0.0,,,,,3.0,894.0,894.0
895,Monroe,2020-03-28,,,,0.006,46545.0,3.0,895.0,895.0
896,Monroe,2020-03-29,,,,0.006,46545.0,3.0,896.0,896.0
897,Monroe,2020-03-30,,,,0.006,46545.0,3.0,897.0,897.0
898,Monroe,2020-03-31,,89.0,0.2,0.011000000000000001,46545.0,5.0,898.0,898.0
899,Monroe,2020-04-01,,92.0,0.2,0.011000000000000001,46545.0,5.0,899.0,899.0
900,Monroe,2020-04-02,,99.0,0.2,0.011000000000000001,46545.0,5.0,900.0,900.0
901,Monroe,2020-04-03,,107.0,0.2,0.011000000000000001,46545.0,5.0,901.0,901.0
902,Monroe,2020-04-04,,117.0,0.3,0.013000000000000001,46545.0,6.0,902.0,902.0
903,Monroe,2020-04-05,,135.0,0.3,0.013000000000000001,46545.0,6.0,903.0,903.0
904,Monroe,2020-04-06,,138.0,0.3,0.013000000000000001,46545.0,6.0,904.0,904.0
905,Monroe,2020-04-07,,156.0,0.3,0.013000000000000001,46545.0,6.0,905.0,905.0
906,Montgomery,2020-03-19,0.0,,,,,1.0,906.0,906.0
907,Montgomery,2020-03-20,0.0,,,,,3.0,907.0,907.0
908,Montgomery,2020-03-21,0.0,,,,,3.0,908.0,908.0
909,Montgomery,2020-03-22,0.0,,,,,3.0,909.0,909.0
910,Montgomery,2020-03-23,0.0,,,,,3.0,910.0,910.0
911,Montgomery,2020-03-24,0.0,,,,,6.0,911.0,911.0
912,Montgomery,2020-03-25,0.0,,,,,6.0,912.0,912.0
913,Montgomery,2020-03-26,0.0,,,,,6.0,913.0,913.0
914,Montgomery,2020-03-27,0.0,,,,,9.0,914.0,914.0
915,Montgomery,2020-03-28,,,,0.005,208993.0,11.0,915.0,915.0
916,Montgomery,2020-03-29,,,,0.006,208993.0,13.0,916.0,916.0
917,Montgomery,2020-03-30,,,,0.006,208993.0,13.0,917.0,917.0
918,Montgomery,2020-03-31,,380.0,0.2,0.009000000000000001,208993.0,19.0,918.0,918.0
919,Montgomery,2020-04-01,,403.0,0.2,0.013000000000000001,208993.0,27.0,919.0,919.0
920,Montgomery,2020-04-02,,541.0,0.3,0.018000000000000002,208993.0,37.0,920.0,920.0
921,Montgomery,2020-04-03,,584.0,0.3,0.02,208993.0,41.0,921.0,921.0
922,Montgomery,2020-04-04,1.0,648.0,0.3,0.022000000000000002,208993.0,46.0,922.0,922.0
923,Montgomery,2020-04-05,1.0,686.0,0.4,0.024,208993.0,51.0,923.0,923.0
924,Montgomery,2020-04-06,1.0,734.0,0.4,0.026000000000000002,208993.0,54.0,924.0,924.0
925,Montgomery,2020-04-07,2.0,850.0,0.4,0.031,208993.0,65.0,925.0,925.0
926,Moore,2020-03-31,,14.0,0.2,0.0,6488.0,0.0,926.0,926.0
927,Moore,2020-04-01,,14.0,0.2,0.0,6488.0,0.0,927.0,927.0
928,Moore,2020-04-02,,15.0,0.2,0.0,6488.0,0.0,928.0,928.0
929,Moore,2020-04-03,,16.0,0.2,0.0,6488.0,0.0,929.0,929.0
930,Moore,2020-04-04,,16.0,0.2,0.0,6488.0,0.0,930.0,930.0
931,Moore,2020-04-05,,16.0,0.2,0.0,6488.0,0.0,931.0,931.0
932,Moore,2020-04-06,,18.0,0.3,0.0,6488.0,0.0,932.0,932.0
933,Moore,2020-04-07,,24.0,0.4,0.0,6488.0,0.0,933.0,933.0
934,Morgan,2020-03-28,,,,0.005,21403.0,1.0,934.0,934.0
935,Morgan,2020-03-29,,,,0.005,21403.0,1.0,935.0,935.0
936,Morgan,2020-03-30,,,,0.005,21403.0,1.0,936.0,936.0
937,Morgan,2020-03-31,,23.0,0.1,0.005,21403.0,1.0,937.0,937.0
938,Morgan,2020-04-01,,25.0,0.1,0.005,21403.0,1.0,938.0,938.0
939,Morgan,2020-04-02,,29.0,0.1,0.005,21403.0,1.0,939.0,939.0
940,Morgan,2020-04-03,,35.0,0.2,0.009000000000000001,21403.0,2.0,940.0,940.0
941,Morgan,2020-04-04,,38.0,0.2,0.019,21403.0,4.0,941.0,941.0
942,Morgan,2020-04-05,,44.0,0.2,0.019,21403.0,4.0,942.0,942.0
943,Morgan,2020-04-06,,47.0,0.2,0.023,21403.0,5.0,943.0,943.0
944,Morgan,2020-04-07,,55.0,0.3,0.023,21403.0,5.0,944.0,944.0
945,Obion,2020-03-29,,,,0.003,30069.0,1.0,945.0,945.0
946,Obion,2020-03-30,,,,0.003,30069.0,1.0,946.0,946.0
947,Obion,2020-03-31,,59.0,0.2,0.003,30069.0,1.0,947.0,947.0
948,Obion,2020-04-01,,64.0,0.2,0.006999999999999999,30069.0,2.0,948.0,948.0
949,Obion,2020-04-02,1.0,72.0,0.2,0.006999999999999999,30069.0,2.0,949.0,949.0
950,Obion,2020-04-03,1.0,75.0,0.3,0.006999999999999999,30069.0,2.0,950.0,950.0
951,Obion,2020-04-04,1.0,77.0,0.3,0.006999999999999999,30069.0,2.0,951.0,951.0
952,Obion,2020-04-05,1.0,80.0,0.3,0.006999999999999999,30069.0,2.0,952.0,952.0
953,Obion,2020-04-06,1.0,81.0,0.3,0.006999999999999999,30069.0,2.0,953.0,953.0
954,Obion,2020-04-07,1.0,89.0,0.3,0.01,30069.0,3.0,954.0,954.0
955,Overton,2020-03-24,0.0,,,,,1.0,955.0,955.0
956,Overton,2020-03-25,0.0,,,,,1.0,956.0,956.0
957,Overton,2020-03-26,0.0,,,,,1.0,957.0,957.0
958,Overton,2020-03-27,0.0,,,,,1.0,958.0,958.0
959,Overton,2020-03-28,,,,0.009000000000000001,22241.0,2.0,959.0,959.0
960,Overton,2020-03-29,,,,0.009000000000000001,22241.0,2.0,960.0,960.0
961,Overton,2020-03-30,,,,0.009000000000000001,22241.0,2.0,961.0,961.0
962,Overton,2020-03-31,,61.0,0.3,0.009000000000000001,22241.0,2.0,962.0,962.0
963,Overton,2020-04-01,,68.0,0.3,0.009000000000000001,22241.0,2.0,963.0,963.0
964,Overton,2020-04-02,,82.0,0.4,0.009000000000000001,22241.0,2.0,964.0,964.0
965,Overton,2020-04-03,,101.0,0.5,0.009000000000000001,22241.0,2.0,965.0,965.0
966,Overton,2020-04-04,,106.0,0.5,0.009000000000000001,22241.0,2.0,966.0,966.0
967,Overton,2020-04-05,,112.0,0.5,0.013000000000000001,22241.0,3.0,967.0,967.0
968,Overton,2020-04-06,,123.0,0.6,0.018000000000000002,22241.0,4.0,968.0,968.0
969,Overton,2020-04-07,,148.0,0.7,0.018000000000000002,22241.0,4.0,969.0,969.0
970,Perry,2020-03-22,0.0,,,,,1.0,970.0,970.0
971,Perry,2020-03-23,0.0,,,,,1.0,971.0,971.0
972,Perry,2020-03-24,0.0,,,,,1.0,972.0,972.0
973,Perry,2020-03-25,0.0,,,,,1.0,973.0,973.0
974,Perry,2020-03-26,0.0,,,,,1.0,974.0,974.0
975,Perry,2020-03-27,0.0,,,,,2.0,975.0,975.0
976,Perry,2020-03-28,,,,0.025,8076.0,2.0,976.0,976.0
977,Perry,2020-03-29,,,,0.025,8076.0,2.0,977.0,977.0
978,Perry,2020-03-30,,,,0.025,8076.0,2.0,978.0,978.0
979,Perry,2020-03-31,,17.0,0.2,0.025,8076.0,2.0,979.0,979.0
980,Perry,2020-04-01,,20.0,0.3,0.025,8076.0,2.0,980.0,980.0
981,Perry,2020-04-02,,26.0,0.3,0.025,8076.0,2.0,981.0,981.0
982,Perry,2020-04-03,,26.0,0.3,0.025,8076.0,2.0,982.0,982.0
983,Perry,2020-04-04,,26.0,0.4,0.037000000000000005,8076.0,3.0,983.0,983.0
984,Perry,2020-04-05,,30.0,0.4,0.037000000000000005,8076.0,3.0,984.0,984.0
985,Perry,2020-04-06,,30.0,0.4,0.037000000000000005,8076.0,3.0,985.0,985.0
986,Perry,2020-04-07,,32.0,0.4,0.037000000000000005,8076.0,3.0,986.0,986.0
987,Pickett,2020-03-31,,7.0,0.1,0.0,5048.0,0.0,987.0,987.0
988,Pickett,2020-04-01,,8.0,0.2,0.0,5048.0,0.0,988.0,988.0
989,Pickett,2020-04-02,,12.0,0.2,0.0,5048.0,0.0,989.0,989.0
990,Pickett,2020-04-03,,13.0,0.3,0.0,5048.0,0.0,990.0,990.0
991,Pickett,2020-04-04,,13.0,0.3,0.0,5048.0,0.0,991.0,991.0
992,Pickett,2020-04-05,,15.0,0.3,0.0,5048.0,0.0,992.0,992.0
993,Pickett,2020-04-06,,16.0,0.3,0.0,5048.0,0.0,993.0,993.0
994,Pickett,2020-04-07,,18.0,0.4,0.0,5048.0,0.0,994.0,994.0
995,Polk,2020-03-31,,17.0,0.1,0.0,16832.0,0.0,995.0,995.0
996,Polk,2020-04-01,,17.0,0.1,0.0,16832.0,0.0,996.0,996.0
997,Polk,2020-04-02,,19.0,0.1,0.006,16832.0,1.0,997.0,997.0
998,Polk,2020-04-03,,21.0,0.1,0.012,16832.0,2.0,998.0,998.0
999,Polk,2020-04-04,,21.0,0.1,0.018000000000000002,16832.0,3.0,999.0,999.0
1000,Polk,2020-04-05,,22.0,0.1,0.018000000000000002,16832.0,3.0,1000.0,1000.0
1001,Polk,2020-04-06,,27.0,0.2,0.018000000000000002,16832.0,3.0,1001.0,1001.0
1002,Polk,2020-04-07,,31.0,0.2,0.018000000000000002,16832.0,3.0,1002.0,1002.0
1003,Putnam,2020-03-21,0.0,,,,,5.0,1003.0,1003.0
1004,Putnam,2020-03-22,0.0,,,,,6.0,1004.0,1004.0
1005,Putnam,2020-03-23,0.0,,,,,6.0,1005.0,1005.0
1006,Putnam,2020-03-24,0.0,,,,,8.0,1006.0,1006.0
1007,Putnam,2020-03-25,0.0,,,,,9.0,1007.0,1007.0
1008,Putnam,2020-03-26,0.0,,,,,11.0,1008.0,1008.0
1009,Putnam,2020-03-27,0.0,,,,,13.0,1009.0,1009.0
1010,Putnam,2020-03-28,,,,0.021,80245.0,17.0,1010.0,1010.0
1011,Putnam,2020-03-29,,,,0.021,80245.0,17.0,1011.0,1011.0
1012,Putnam,2020-03-30,,,,0.03,80245.0,24.0,1012.0,1012.0
1013,Putnam,2020-03-31,,207.0,0.3,0.03,80245.0,24.0,1013.0,1013.0
1014,Putnam,2020-04-01,,227.0,0.3,0.039,80245.0,31.0,1014.0,1014.0
1015,Putnam,2020-04-02,,331.0,0.5,0.046,80245.0,37.0,1015.0,1015.0
1016,Putnam,2020-04-03,,349.0,0.5,0.062,80245.0,50.0,1016.0,1016.0
1017,Putnam,2020-04-04,,362.0,0.5,0.065,80245.0,52.0,1017.0,1017.0
1018,Putnam,2020-04-05,,407.0,0.6,0.065,80245.0,52.0,1018.0,1018.0
1019,Putnam,2020-04-06,,430.0,0.6,0.069,80245.0,55.0,1019.0,1019.0
1020,Putnam,2020-04-07,,482.0,0.7,0.071,80245.0,57.0,1020.0,1020.0
1021,Rhea,2020-03-31,,56.0,0.2,0.003,33167.0,1.0,1021.0,1021.0
1022,Rhea,2020-04-01,,58.0,0.2,0.003,33167.0,1.0,1022.0,1022.0
1023,Rhea,2020-04-02,,77.0,0.2,0.0,33167.0,0.0,1023.0,1023.0
1024,Rhea,2020-04-03,,100.0,0.3,0.0,33167.0,0.0,1024.0,1024.0
1025,Rhea,2020-04-04,,110.0,0.3,0.0,33167.0,0.0,1025.0,1025.0
1026,Rhea,2020-04-05,,117.0,0.4,0.0,33167.0,0.0,1026.0,1026.0
1027,Rhea,2020-04-06,,128.0,0.4,0.0,33167.0,0.0,1027.0,1027.0
1028,Rhea,2020-04-07,,147.0,0.4,0.0,33167.0,0.0,1028.0,1028.0
1029,Roane,2020-03-21,0.0,,,,,1.0,1029.0,1029.0
1030,Roane,2020-03-22,0.0,,,,,1.0,1030.0,1030.0
1031,Roane,2020-03-23,0.0,,,,,1.0,1031.0,1031.0
1032,Roane,2020-03-24,0.0,,,,,1.0,1032.0,1032.0
1033,Roane,2020-03-25,0.0,,,,,1.0,1033.0,1033.0
1034,Roane,2020-03-26,0.0,,,,,1.0,1034.0,1034.0
1035,Roane,2020-03-27,0.0,,,,,1.0,1035.0,1035.0
1036,Roane,2020-03-28,,,,0.002,53382.0,1.0,1036.0,1036.0
1037,Roane,2020-03-29,,,,0.004,53382.0,2.0,1037.0,1037.0
1038,Roane,2020-03-30,,,,0.004,53382.0,2.0,1038.0,1038.0
1039,Roane,2020-03-31,,86.0,0.2,0.004,53382.0,2.0,1039.0,1039.0
1040,Roane,2020-04-01,,89.0,0.2,0.004,53382.0,2.0,1040.0,1040.0
1041,Roane,2020-04-02,,128.0,0.2,0.006,53382.0,3.0,1041.0,1041.0
1042,Roane,2020-04-03,,147.0,0.3,0.006,53382.0,3.0,1042.0,1042.0
1043,Roane,2020-04-04,,163.0,0.3,0.009000000000000001,53382.0,5.0,1043.0,1043.0
1044,Roane,2020-04-05,,173.0,0.3,0.009000000000000001,53382.0,5.0,1044.0,1044.0
1045,Roane,2020-04-06,,187.0,0.4,0.009000000000000001,53382.0,5.0,1045.0,1045.0
1046,Roane,2020-04-07,,206.0,0.4,0.009000000000000001,53382.0,5.0,1046.0,1046.0
1047,Robertson,2020-03-18,0.0,,,,,1.0,1047.0,1047.0
1048,Robertson,2020-03-19,0.0,,,,,2.0,1048.0,1048.0
1049,Robertson,2020-03-20,0.0,,,,,2.0,1049.0,1049.0
1050,Robertson,2020-03-21,0.0,,,,,2.0,1050.0,1050.0
1051,Robertson,2020-03-22,0.0,,,,,3.0,1051.0,1051.0
1052,Robertson,2020-03-23,0.0,,,,,3.0,1052.0,1052.0
1053,Robertson,2020-03-24,0.0,,,,,12.0,1053.0,1053.0
1054,Robertson,2020-03-25,0.0,,,,,15.0,1054.0,1054.0
1055,Robertson,2020-03-26,0.0,,,,,20.0,1055.0,1055.0
1056,Robertson,2020-03-27,0.0,,,,,22.0,1056.0,1056.0
1057,Robertson,2020-03-28,,,,0.032,71813.0,23.0,1057.0,1057.0
1058,Robertson,2020-03-29,,,,0.035,71813.0,25.0,1058.0,1058.0
1059,Robertson,2020-03-30,,,,0.038,71813.0,27.0,1059.0,1059.0
1060,Robertson,2020-03-31,,268.0,0.4,0.039,71813.0,28.0,1060.0,1060.0
1061,Robertson,2020-04-01,,292.0,0.5,0.049,71813.0,35.0,1061.0,1061.0
1062,Robertson,2020-04-02,,347.0,0.5,0.057,71813.0,41.0,1062.0,1062.0
1063,Robertson,2020-04-03,,356.0,0.6,0.071,71813.0,51.0,1063.0,1063.0
1064,Robertson,2020-04-04,,389.0,0.6,0.071,71813.0,51.0,1064.0,1064.0
1065,Robertson,2020-04-05,,433.0,0.7,0.08199999999999999,71813.0,59.0,1065.0,1065.0
1066,Robertson,2020-04-06,,455.0,0.7,0.084,71813.0,60.0,1066.0,1066.0
1067,Robertson,2020-04-07,,510.0,0.8,0.091,71813.0,65.0,1067.0,1067.0
1068,Rutherford,2020-03-13,0.0,,,,,1.0,1068.0,1068.0
1069,Rutherford,2020-03-14,0.0,,,,,1.0,1069.0,1069.0
1070,Rutherford,2020-03-15,0.0,,,,,1.0,1070.0,1070.0
1071,Rutherford,2020-03-16,0.0,,,,,1.0,1071.0,1071.0
1072,Rutherford,2020-03-17,0.0,,,,,1.0,1072.0,1072.0
1073,Rutherford,2020-03-18,0.0,,,,,1.0,1073.0,1073.0
1074,Rutherford,2020-03-19,0.0,,,,,1.0,1074.0,1074.0
1075,Rutherford,2020-03-20,0.0,,,,,1.0,1075.0,1075.0
1076,Rutherford,2020-03-21,0.0,,,,,5.0,1076.0,1076.0
1077,Rutherford,2020-03-22,0.0,,,,,8.0,1077.0,1077.0
1078,Rutherford,2020-03-23,0.0,,,,,8.0,1078.0,1078.0
1079,Rutherford,2020-03-24,0.0,,,,,13.0,1079.0,1079.0
1080,Rutherford,2020-03-25,0.0,,,,,19.0,1080.0,1080.0
1081,Rutherford,2020-03-26,0.0,,,,,27.0,1081.0,1081.0
1082,Rutherford,2020-03-27,0.0,,,,,39.0,1082.0,1082.0
1083,Rutherford,2020-03-28,,,,0.013999999999999999,332285.0,46.0,1083.0,1083.0
1084,Rutherford,2020-03-29,,,,0.013999999999999999,332285.0,48.0,1084.0,1084.0
1085,Rutherford,2020-03-30,,,,0.017,332285.0,57.0,1085.0,1085.0
1086,Rutherford,2020-03-31,,817.0,0.3,0.02,332285.0,68.0,1086.0,1086.0
1087,Rutherford,2020-04-01,1.0,873.0,0.3,0.026000000000000002,332285.0,86.0,1087.0,1087.0
1088,Rutherford,2020-04-02,1.0,1120.0,0.4,0.034,332285.0,113.0,1088.0,1088.0
1089,Rutherford,2020-04-03,3.0,1177.0,0.4,0.038,332285.0,127.0,1089.0,1089.0
1090,Rutherford,2020-04-04,3.0,1252.0,0.4,0.042,332285.0,140.0,1090.0,1090.0
1091,Rutherford,2020-04-05,3.0,1289.0,0.4,0.044000000000000004,332285.0,147.0,1091.0,1091.0
1092,Rutherford,2020-04-06,3.0,1385.0,0.5,0.048,332285.0,161.0,1092.0,1092.0
1093,Rutherford,2020-04-07,3.0,1602.0,0.5,0.054000000000000006,332285.0,178.0,1093.0,1093.0
1094,Scott,2020-03-21,0.0,,,,,2.0,1094.0,1094.0
1095,Scott,2020-03-22,0.0,,,,,2.0,1095.0,1095.0
1096,Scott,2020-03-23,0.0,,,,,2.0,1096.0,1096.0
1097,Scott,2020-03-24,0.0,,,,,2.0,1097.0,1097.0
1098,Scott,2020-03-25,0.0,,,,,2.0,1098.0,1098.0
1099,Scott,2020-03-26,0.0,,,,,2.0,1099.0,1099.0
1100,Scott,2020-03-27,0.0,,,,,2.0,1100.0,1100.0
1101,Scott,2020-03-28,,,,0.009000000000000001,22068.0,2.0,1101.0,1101.0
1102,Scott,2020-03-29,,,,0.009000000000000001,22068.0,2.0,1102.0,1102.0
1103,Scott,2020-03-30,,,,0.009000000000000001,22068.0,2.0,1103.0,1103.0
1104,Scott,2020-03-31,,38.0,0.2,0.009000000000000001,22068.0,2.0,1104.0,1104.0
1105,Scott,2020-04-01,,40.0,0.2,0.013999999999999999,22068.0,3.0,1105.0,1105.0
1106,Scott,2020-04-02,,55.0,0.3,0.013999999999999999,22068.0,3.0,1106.0,1106.0
1107,Scott,2020-04-03,,60.0,0.3,0.013999999999999999,22068.0,3.0,1107.0,1107.0
1108,Scott,2020-04-04,,61.0,0.3,0.013999999999999999,22068.0,3.0,1108.0,1108.0
1109,Scott,2020-04-05,,65.0,0.3,0.013999999999999999,22068.0,3.0,1109.0,1109.0
1110,Scott,2020-04-06,,66.0,0.3,0.013999999999999999,22068.0,3.0,1110.0,1110.0
1111,Scott,2020-04-07,,80.0,0.4,0.018000000000000002,22068.0,4.0,1111.0,1111.0
1112,Sequatchie,2020-03-31,,16.0,0.1,0.006999999999999999,15026.0,1.0,1112.0,1112.0
1113,Sequatchie,2020-04-01,,16.0,0.1,0.006999999999999999,15026.0,1.0,1113.0,1113.0
1114,Sequatchie,2020-04-02,,23.0,0.2,0.013000000000000001,15026.0,2.0,1114.0,1114.0
1115,Sequatchie,2020-04-03,,27.0,0.2,0.013000000000000001,15026.0,2.0,1115.0,1115.0
1116,Sequatchie,2020-04-04,,30.0,0.2,0.013000000000000001,15026.0,2.0,1116.0,1116.0
1117,Sequatchie,2020-04-05,,33.0,0.2,0.013000000000000001,15026.0,2.0,1117.0,1117.0
1118,Sequatchie,2020-04-06,,33.0,0.2,0.013000000000000001,15026.0,2.0,1118.0,1118.0
1119,Sequatchie,2020-04-07,,48.0,0.3,0.006999999999999999,15026.0,1.0,1119.0,1119.0
1120,Sevier,2020-03-16,0.0,,,,,1.0,1120.0,1120.0
1121,Sevier,2020-03-17,0.0,,,,,1.0,1121.0,1121.0
1122,Sevier,2020-03-18,0.0,,,,,1.0,1122.0,1122.0
1123,Sevier,2020-03-19,0.0,,,,,1.0,1123.0,1123.0
1124,Sevier,2020-03-20,0.0,,,,,1.0,1124.0,1124.0
1125,Sevier,2020-03-21,0.0,,,,,2.0,1125.0,1125.0
1126,Sevier,2020-03-22,0.0,,,,,3.0,1126.0,1126.0
1127,Sevier,2020-03-23,0.0,,,,,3.0,1127.0,1127.0
1128,Sevier,2020-03-24,0.0,,,,,3.0,1128.0,1128.0
1129,Sevier,2020-03-25,0.0,,,,,3.0,1129.0,1129.0
1130,Sevier,2020-03-26,0.0,,,,,3.0,1130.0,1130.0
1131,Sevier,2020-03-27,0.0,,,,,6.0,1131.0,1131.0
1132,Sevier,2020-03-28,,,,0.006,98250.0,6.0,1132.0,1132.0
1133,Sevier,2020-03-29,,,,0.006,98250.0,6.0,1133.0,1133.0
1134,Sevier,2020-03-30,,,,0.006999999999999999,98250.0,7.0,1134.0,1134.0
1135,Sevier,2020-03-31,,168.0,0.2,0.008,98250.0,8.0,1135.0,1135.0
1136,Sevier,2020-04-01,,179.0,0.2,0.009000000000000001,98250.0,9.0,1136.0,1136.0
1137,Sevier,2020-04-02,,234.0,0.2,0.01,98250.0,10.0,1137.0,1137.0
1138,Sevier,2020-04-03,,259.0,0.3,0.013000000000000001,98250.0,13.0,1138.0,1138.0
1139,Sevier,2020-04-04,,288.0,0.3,0.013000000000000001,98250.0,13.0,1139.0,1139.0
1140,Sevier,2020-04-05,,291.0,0.3,0.013999999999999999,98250.0,14.0,1140.0,1140.0
1141,Sevier,2020-04-06,,312.0,0.3,0.016,98250.0,16.0,1141.0,1141.0
1142,Sevier,2020-04-07,,366.0,0.4,0.018000000000000002,98250.0,18.0,1142.0,1142.0
1143,Shelby,2020-03-08,0.0,,,,,1.0,1143.0,1143.0
1144,Shelby,2020-03-09,0.0,,,,,1.0,1144.0,1144.0
1145,Shelby,2020-03-10,0.0,,,,,1.0,1145.0,1145.0
1146,Shelby,2020-03-11,0.0,,,,,1.0,1146.0,1146.0
1147,Shelby,2020-03-12,0.0,,,,,2.0,1147.0,1147.0
1148,Shelby,2020-03-13,0.0,,,,,2.0,1148.0,1148.0
1149,Shelby,2020-03-14,0.0,,,,,2.0,1149.0,1149.0
1150,Shelby,2020-03-15,0.0,,,,,2.0,1150.0,1150.0
1151,Shelby,2020-03-16,0.0,,,,,2.0,1151.0,1151.0
1152,Shelby,2020-03-17,0.0,,,,,2.0,1152.0,1152.0
1153,Shelby,2020-03-18,0.0,,,,,4.0,1153.0,1153.0
1154,Shelby,2020-03-19,0.0,,,,,22.0,1154.0,1154.0
1155,Shelby,2020-03-20,0.0,,,,,42.0,1155.0,1155.0
1156,Shelby,2020-03-21,0.0,,,,,42.0,1156.0,1156.0
1157,Shelby,2020-03-22,0.0,,,,,66.0,1157.0,1157.0
1158,Shelby,2020-03-23,0.0,,,,,66.0,1158.0,1158.0
1159,Shelby,2020-03-24,0.0,,,,,135.0,1159.0,1159.0
1160,Shelby,2020-03-25,0.0,,,,,170.0,1160.0,1160.0
1161,Shelby,2020-03-26,0.0,,,,,198.0,1161.0,1161.0
1162,Shelby,2020-03-27,0.0,,,,,223.0,1162.0,1162.0
1163,Shelby,2020-03-28,,,,0.028999999999999998,937166.0,269.0,1163.0,1163.0
1164,Shelby,2020-03-29,,,,0.033,937166.0,313.0,1164.0,1164.0
1165,Shelby,2020-03-30,,,,0.042,937166.0,396.0,1165.0,1165.0
1166,Shelby,2020-03-31,,1943.0,0.3,0.046,937166.0,428.0,1166.0,1166.0
1167,Shelby,2020-04-01,3.0,2397.0,0.3,0.053,937166.0,496.0,1167.0,1167.0
1168,Shelby,2020-04-02,5.0,2829.0,0.4,0.061,937166.0,570.0,1168.0,1168.0
1169,Shelby,2020-04-03,6.0,2951.0,0.4,0.068,937166.0,640.0,1169.0,1169.0
1170,Shelby,2020-04-04,8.0,3176.0,0.4,0.07400000000000001,937166.0,689.0,1170.0,1170.0
1171,Shelby,2020-04-05,9.0,3302.0,0.4,0.079,937166.0,736.0,1171.0,1171.0
1172,Shelby,2020-04-06,13.0,3396.0,0.4,0.08199999999999999,937166.0,766.0,1172.0,1172.0
1173,Shelby,2020-04-07,15.0,3589.0,0.5,0.08900000000000001,937166.0,835.0,1173.0,1173.0
1174,Smith,2020-03-27,0.0,,,,,1.0,1174.0,1174.0
1175,Smith,2020-03-28,,,,0.005,20157.0,1.0,1175.0,1175.0
1176,Smith,2020-03-29,,,,0.005,20157.0,1.0,1176.0,1176.0
1177,Smith,2020-03-30,,,,0.005,20157.0,1.0,1177.0,1177.0
1178,Smith,2020-03-31,,69.0,0.4,0.01,20157.0,2.0,1178.0,1178.0
1179,Smith,2020-04-01,,74.0,0.4,0.015,20157.0,3.0,1179.0,1179.0
1180,Smith,2020-04-02,,91.0,0.5,0.015,20157.0,3.0,1180.0,1180.0
1181,Smith,2020-04-03,,97.0,0.5,0.015,20157.0,3.0,1181.0,1181.0
1182,Smith,2020-04-04,,117.0,0.6,0.015,20157.0,3.0,1182.0,1182.0
1183,Smith,2020-04-05,,122.0,0.6,0.015,20157.0,3.0,1183.0,1183.0
1184,Smith,2020-04-06,,125.0,0.6,0.015,20157.0,3.0,1184.0,1184.0
1185,Smith,2020-04-07,,137.0,0.7,0.015,20157.0,3.0,1185.0,1185.0
1186,Stewart,2020-03-31,,43.0,0.3,0.0,13715.0,0.0,1186.0,1186.0
1187,Stewart,2020-04-01,,44.0,0.3,0.0,13715.0,0.0,1187.0,1187.0
1188,Stewart,2020-04-02,,47.0,0.3,0.0,13715.0,0.0,1188.0,1188.0
1189,Stewart,2020-04-03,,48.0,0.3,0.0,13715.0,0.0,1189.0,1189.0
1190,Stewart,2020-04-04,,54.0,0.4,0.006999999999999999,13715.0,1.0,1190.0,1190.0
1191,Stewart,2020-04-05,,61.0,0.5,0.015,13715.0,2.0,1191.0,1191.0
1192,Stewart,2020-04-06,,66.0,0.5,0.015,13715.0,2.0,1192.0,1192.0
1193,Stewart,2020-04-07,,77.0,0.6,0.015,13715.0,2.0,1193.0,1193.0
1194,Sullivan,2020-03-10,0.0,,,,,1.0,1194.0,1194.0
1195,Sullivan,2020-03-11,0.0,,,,,1.0,1195.0,1195.0
1196,Sullivan,2020-03-12,0.0,,,,,1.0,1196.0,1196.0
1197,Sullivan,2020-03-13,0.0,,,,,1.0,1197.0,1197.0
1198,Sullivan,2020-03-14,0.0,,,,,1.0,1198.0,1198.0
1199,Sullivan,2020-03-15,0.0,,,,,1.0,1199.0,1199.0
1200,Sullivan,2020-03-16,0.0,,,,,1.0,1200.0,1200.0
1201,Sullivan,2020-03-17,0.0,,,,,1.0,1201.0,1201.0
1202,Sullivan,2020-03-18,0.0,,,,,1.0,1202.0,1202.0
1203,Sullivan,2020-03-19,0.0,,,,,1.0,1203.0,1203.0
1204,Sullivan,2020-03-20,0.0,,,,,1.0,1204.0,1204.0
1205,Sullivan,2020-03-21,0.0,,,,,1.0,1205.0,1205.0
1206,Sullivan,2020-03-22,0.0,,,,,1.0,1206.0,1206.0
1207,Sullivan,2020-03-23,0.0,,,,,1.0,1207.0,1207.0
1208,Sullivan,2020-03-24,0.0,,,,,2.0,1208.0,1208.0
1209,Sullivan,2020-03-25,0.0,,,,,2.0,1209.0,1209.0
1210,Sullivan,2020-03-26,0.0,,,,,4.0,1210.0,1210.0
1211,Sullivan,2020-03-27,0.0,,,,,6.0,1211.0,1211.0
1212,Sullivan,2020-03-28,,,,0.004,158348.0,6.0,1212.0,1212.0
1213,Sullivan,2020-03-29,,,,0.005,158348.0,8.0,1213.0,1213.0
1214,Sullivan,2020-03-30,,,,0.006999999999999999,158348.0,11.0,1214.0,1214.0
1215,Sullivan,2020-03-31,,134.0,0.1,0.008,158348.0,13.0,1215.0,1215.0
1216,Sullivan,2020-04-01,,140.0,0.1,0.011000000000000001,158348.0,17.0,1216.0,1216.0
1217,Sullivan,2020-04-02,1.0,183.0,0.1,0.011000000000000001,158348.0,17.0,1217.0,1217.0
1218,Sullivan,2020-04-03,1.0,188.0,0.1,0.011000000000000001,158348.0,18.0,1218.0,1218.0
1219,Sullivan,2020-04-04,1.0,196.0,0.1,0.011000000000000001,158348.0,18.0,1219.0,1219.0
1220,Sullivan,2020-04-05,1.0,205.0,0.1,0.013000000000000001,158348.0,21.0,1220.0,1220.0
1221,Sullivan,2020-04-06,1.0,211.0,0.1,0.016,158348.0,25.0,1221.0,1221.0
1222,Sullivan,2020-04-07,1.0,256.0,0.2,0.016,158348.0,26.0,1222.0,1222.0
1223,Sumner,2020-03-18,0.0,,,,,2.0,1223.0,1223.0
1224,Sumner,2020-03-19,0.0,,,,,3.0,1224.0,1224.0
1225,Sumner,2020-03-20,0.0,,,,,11.0,1225.0,1225.0
1226,Sumner,2020-03-21,0.0,,,,,11.0,1226.0,1226.0
1227,Sumner,2020-03-22,0.0,,,,,22.0,1227.0,1227.0
1228,Sumner,2020-03-23,0.0,,,,,22.0,1228.0,1228.0
1229,Sumner,2020-03-24,0.0,,,,,34.0,1229.0,1229.0
1230,Sumner,2020-03-25,0.0,,,,,36.0,1230.0,1230.0
1231,Sumner,2020-03-26,0.0,,,,,43.0,1231.0,1231.0
1232,Sumner,2020-03-27,0.0,,,,,58.0,1232.0,1232.0
1233,Sumner,2020-03-28,,,,0.043,191283.0,82.0,1233.0,1233.0
1234,Sumner,2020-03-29,,,,0.049,191283.0,93.0,1234.0,1234.0
1235,Sumner,2020-03-30,,,,0.086,191283.0,164.0,1235.0,1235.0
1236,Sumner,2020-03-31,,692.0,0.5,0.096,191283.0,184.0,1236.0,1236.0
1237,Sumner,2020-04-01,7.0,743.0,0.5,0.105,191283.0,201.0,1237.0,1237.0
1238,Sumner,2020-04-02,7.0,913.0,0.6,0.14,191283.0,268.0,1238.0,1238.0
1239,Sumner,2020-04-03,8.0,982.0,0.7,0.14800000000000002,191283.0,283.0,1239.0,1239.0
1240,Sumner,2020-04-04,10.0,1064.0,0.7,0.157,191283.0,301.0,1240.0,1240.0
1241,Sumner,2020-04-05,10.0,1154.0,0.8,0.168,191283.0,321.0,1241.0,1241.0
1242,Sumner,2020-04-06,15.0,1221.0,0.8,0.175,191283.0,335.0,1242.0,1242.0
1243,Sumner,2020-04-07,15.0,1358.0,0.9,0.18899999999999997,191283.0,361.0,1243.0,1243.0
1244,Tipton,2020-03-20,0.0,,,,,1.0,1244.0,1244.0
1245,Tipton,2020-03-21,0.0,,,,,2.0,1245.0,1245.0
1246,Tipton,2020-03-22,0.0,,,,,5.0,1246.0,1246.0
1247,Tipton,2020-03-23,0.0,,,,,5.0,1247.0,1247.0
1248,Tipton,2020-03-24,0.0,,,,,6.0,1248.0,1248.0
1249,Tipton,2020-03-25,0.0,,,,,6.0,1249.0,1249.0
1250,Tipton,2020-03-26,0.0,,,,,8.0,1250.0,1250.0
1251,Tipton,2020-03-27,0.0,,,,,10.0,1251.0,1251.0
1252,Tipton,2020-03-28,,,,0.018000000000000002,61599.0,11.0,1252.0,1252.0
1253,Tipton,2020-03-29,,,,0.024,61599.0,15.0,1253.0,1253.0
1254,Tipton,2020-03-30,,,,0.026000000000000002,61599.0,16.0,1254.0,1254.0
1255,Tipton,2020-03-31,,142.0,0.3,0.034,61599.0,21.0,1255.0,1255.0
1256,Tipton,2020-04-01,,148.0,0.3,0.036000000000000004,61599.0,22.0,1256.0,1256.0
1257,Tipton,2020-04-02,,196.0,0.4,0.039,61599.0,24.0,1257.0,1257.0
1258,Tipton,2020-04-03,,204.0,0.4,0.045,61599.0,28.0,1258.0,1258.0
1259,Tipton,2020-04-04,,238.0,0.4,0.05,61599.0,31.0,1259.0,1259.0
1260,Tipton,2020-04-05,,256.0,0.5,0.054000000000000006,61599.0,33.0,1260.0,1260.0
1261,Tipton,2020-04-06,,275.0,0.5,0.057999999999999996,61599.0,36.0,1261.0,1261.0
1262,Tipton,2020-04-07,,293.0,0.5,0.062,61599.0,38.0,1262.0,1262.0
1263,Trousdale,2020-03-28,,,,0.009000000000000001,11284.0,1.0,1263.0,1263.0
1264,Trousdale,2020-03-29,,,,0.009000000000000001,11284.0,1.0,1264.0,1264.0
1265,Trousdale,2020-03-30,,,,0.027000000000000003,11284.0,3.0,1265.0,1265.0
1266,Trousdale,2020-03-31,,22.0,0.2,0.035,11284.0,4.0,1266.0,1266.0
1267,Trousdale,2020-04-01,1.0,22.0,0.2,0.044000000000000004,11284.0,5.0,1267.0,1267.0
1268,Trousdale,2020-04-02,1.0,33.0,0.3,0.053,11284.0,6.0,1268.0,1268.0
1269,Trousdale,2020-04-03,1.0,35.0,0.4,0.062,11284.0,7.0,1269.0,1269.0
1270,Trousdale,2020-04-04,1.0,37.0,0.4,0.062,11284.0,7.0,1270.0,1270.0
1271,Trousdale,2020-04-05,1.0,43.0,0.5,0.071,11284.0,8.0,1271.0,1271.0
1272,Trousdale,2020-04-06,1.0,44.0,0.5,0.09699999999999999,11284.0,11.0,1272.0,1272.0
1273,Trousdale,2020-04-07,1.0,49.0,0.6,0.124,11284.0,14.0,1273.0,1273.0
1274,Unicoi,2020-03-26,0.0,,,,,1.0,1274.0,1274.0
1275,Unicoi,2020-03-27,0.0,,,,,1.0,1275.0,1275.0
1276,Unicoi,2020-03-28,,,,0.006,17883.0,1.0,1276.0,1276.0
1277,Unicoi,2020-03-29,,,,0.006,17883.0,1.0,1277.0,1277.0
1278,Unicoi,2020-03-30,,,,0.006,17883.0,1.0,1278.0,1278.0
1279,Unicoi,2020-03-31,,21.0,0.1,0.006,17883.0,1.0,1279.0,1279.0
1280,Unicoi,2020-04-01,,22.0,0.1,0.006,17883.0,1.0,1280.0,1280.0
1281,Unicoi,2020-04-02,,30.0,0.2,0.006,17883.0,1.0,1281.0,1281.0
1282,Unicoi,2020-04-03,,30.0,0.2,0.006,17883.0,1.0,1282.0,1282.0
1283,Unicoi,2020-04-04,,30.0,0.2,0.006,17883.0,1.0,1283.0,1283.0
1284,Unicoi,2020-04-05,,30.0,0.2,0.006,17883.0,1.0,1284.0,1284.0
1285,Unicoi,2020-04-06,,31.0,0.2,0.006,17883.0,1.0,1285.0,1285.0
1286,Unicoi,2020-04-07,,39.0,0.2,0.006,17883.0,1.0,1286.0,1286.0
1287,Union,2020-03-28,,,,0.005,19972.0,1.0,1287.0,1287.0
1288,Union,2020-03-29,,,,0.005,19972.0,1.0,1288.0,1288.0
1289,Union,2020-03-30,,,,0.005,19972.0,1.0,1289.0,1289.0
1290,Union,2020-03-31,,20.0,0.1,0.005,19972.0,1.0,1290.0,1290.0
1291,Union,2020-04-01,,22.0,0.1,0.005,19972.0,1.0,1291.0,1291.0
1292,Union,2020-04-02,,26.0,0.1,0.005,19972.0,1.0,1292.0,1292.0
1293,Union,2020-04-03,,30.0,0.2,0.005,19972.0,1.0,1293.0,1293.0
1294,Union,2020-04-04,,32.0,0.2,0.005,19972.0,1.0,1294.0,1294.0
1295,Union,2020-04-05,,33.0,0.2,0.005,19972.0,1.0,1295.0,1295.0
1296,Union,2020-04-06,,34.0,0.2,0.005,19972.0,1.0,1296.0,1296.0
1297,Union,2020-04-07,,39.0,0.2,0.005,19972.0,1.0,1297.0,1297.0
1298,Unknown,2020-03-19,0.0,,,,,2.0,1298.0,1298.0
1299,Unknown,2020-03-20,0.0,,,,,2.0,1299.0,1299.0
1300,Unknown,2020-03-21,0.0,,,,,8.0,1300.0,1300.0
1301,Unknown,2020-03-22,0.0,,,,,28.0,1301.0,1301.0
1302,Unknown,2020-03-23,0.0,,,,,109.0,1302.0,1302.0
1303,Unknown,2020-03-24,0.0,,,,,109.0,1303.0,1303.0
1304,Unknown,2020-03-25,1.0,,,,,109.0,1304.0,1304.0
1305,Unknown,2020-03-26,1.0,,,,,112.0,1305.0,1305.0
1306,Unknown,2020-03-27,4.0,,,,,172.0,1306.0,1306.0
1307,Unknown,2020-03-28,4.0,,,,,161.0,1307.0,1307.0
1308,Unknown,2020-03-29,4.0,,,,,190.0,1308.0,1308.0
1309,Unknown,2020-03-30,9.0,,,,,109.0,1309.0,1309.0
1310,Unknown,2020-03-31,9.0,,,,,109.0,1310.0,1310.0
1311,Unknown,2020-04-01,17.0,,,,,307.0,1311.0,1311.0
1312,Van Buren,2020-03-31,,16.0,0.3,0.0,5872.0,0.0,1312.0,1312.0
1313,Van Buren,2020-04-01,,17.0,0.3,0.0,5872.0,0.0,1313.0,1313.0
1314,Van Buren,2020-04-02,,20.0,0.3,0.0,5872.0,0.0,1314.0,1314.0
1315,Van Buren,2020-04-03,,21.0,0.4,0.0,5872.0,0.0,1315.0,1315.0
1316,Van Buren,2020-04-04,,22.0,0.4,0.0,5872.0,0.0,1316.0,1316.0
1317,Van Buren,2020-04-05,,24.0,0.4,0.0,5872.0,0.0,1317.0,1317.0
1318,Van Buren,2020-04-06,,25.0,0.4,0.0,5872.0,0.0,1318.0,1318.0
1319,Van Buren,2020-04-07,,28.0,0.5,0.0,5872.0,0.0,1319.0,1319.0
1320,Warren,2020-03-30,,,,0.002,41277.0,1.0,1320.0,1320.0
1321,Warren,2020-03-31,,71.0,0.2,0.002,41277.0,1.0,1321.0,1321.0
1322,Warren,2020-04-01,,74.0,0.2,0.002,41277.0,1.0,1322.0,1322.0
1323,Warren,2020-04-02,,93.0,0.2,0.002,41277.0,1.0,1323.0,1323.0
1324,Warren,2020-04-03,,112.0,0.3,0.002,41277.0,1.0,1324.0,1324.0
1325,Warren,2020-04-04,,119.0,0.3,0.002,41277.0,1.0,1325.0,1325.0
1326,Warren,2020-04-05,,126.0,0.3,0.002,41277.0,1.0,1326.0,1326.0
1327,Warren,2020-04-06,,134.0,0.3,0.002,41277.0,1.0,1327.0,1327.0
1328,Warren,2020-04-07,,157.0,0.4,0.005,41277.0,2.0,1328.0,1328.0
1329,Washington,2020-03-19,0.0,,,,,2.0,1329.0,1329.0
1330,Washington,2020-03-20,0.0,,,,,2.0,1330.0,1330.0
1331,Washington,2020-03-21,0.0,,,,,2.0,1331.0,1331.0
1332,Washington,2020-03-22,0.0,,,,,2.0,1332.0,1332.0
1333,Washington,2020-03-23,0.0,,,,,2.0,1333.0,1333.0
1334,Washington,2020-03-24,0.0,,,,,7.0,1334.0,1334.0
1335,Washington,2020-03-25,0.0,,,,,7.0,1335.0,1335.0
1336,Washington,2020-03-26,0.0,,,,,9.0,1336.0,1336.0
1337,Washington,2020-03-27,0.0,,,,,10.0,1337.0,1337.0
1338,Washington,2020-03-28,,,,0.011000000000000001,129375.0,14.0,1338.0,1338.0
1339,Washington,2020-03-29,,,,0.011000000000000001,129375.0,14.0,1339.0,1339.0
1340,Washington,2020-03-30,,,,0.011000000000000001,129375.0,14.0,1340.0,1340.0
1341,Washington,2020-03-31,,229.0,0.2,0.011000000000000001,129375.0,14.0,1341.0,1341.0
1342,Washington,2020-04-01,,235.0,0.2,0.016,129375.0,21.0,1342.0,1342.0
1343,Washington,2020-04-02,,293.0,0.2,0.015,129375.0,20.0,1343.0,1343.0
1344,Washington,2020-04-03,,300.0,0.2,0.015,129375.0,20.0,1344.0,1344.0
1345,Washington,2020-04-04,,304.0,0.3,0.017,129375.0,22.0,1345.0,1345.0
1346,Washington,2020-04-05,,315.0,0.3,0.018000000000000002,129375.0,23.0,1346.0,1346.0
1347,Washington,2020-04-06,,320.0,0.3,0.019,129375.0,24.0,1347.0,1347.0
1348,Washington,2020-04-07,,361.0,0.3,0.021,129375.0,27.0,1348.0,1348.0
1349,Wayne,2020-03-30,,,,0.006,16673.0,1.0,1349.0,1349.0
1350,Wayne,2020-03-31,,17.0,0.1,0.006,16673.0,1.0,1350.0,1350.0
1351,Wayne,2020-04-01,,21.0,0.1,0.006,16673.0,1.0,1351.0,1351.0
1352,Wayne,2020-04-02,,31.0,0.2,0.012,16673.0,2.0,1352.0,1352.0
1353,Wayne,2020-04-03,,34.0,0.2,0.012,16673.0,2.0,1353.0,1353.0
1354,Wayne,2020-04-04,,37.0,0.2,0.012,16673.0,2.0,1354.0,1354.0
1355,Wayne,2020-04-05,,41.0,0.3,0.012,16673.0,2.0,1355.0,1355.0
1356,Wayne,2020-04-06,,45.0,0.3,0.012,16673.0,2.0,1356.0,1356.0
1357,Wayne,2020-04-07,,52.0,0.3,0.012,16673.0,2.0,1357.0,1357.0
1358,Weakley,2020-03-24,0.0,,,,,1.0,1358.0,1358.0
1359,Weakley,2020-03-28,,,,0.003,33328.0,1.0,1359.0,1359.0
1360,Weakley,2020-03-29,,,,0.003,33328.0,1.0,1360.0,1360.0
1361,Weakley,2020-03-30,,,,0.003,33328.0,1.0,1361.0,1361.0
1362,Weakley,2020-03-31,,55.0,0.2,0.003,33328.0,1.0,1362.0,1362.0
1363,Weakley,2020-04-01,,59.0,0.2,0.003,33328.0,1.0,1363.0,1363.0
1364,Weakley,2020-04-02,,68.0,0.2,0.003,33328.0,1.0,1364.0,1364.0
1365,Weakley,2020-04-03,,72.0,0.2,0.003,33328.0,1.0,1365.0,1365.0
1366,Weakley,2020-04-04,,77.0,0.2,0.003,33328.0,1.0,1366.0,1366.0
1367,Weakley,2020-04-05,,90.0,0.3,0.015,33328.0,5.0,1367.0,1367.0
1368,Weakley,2020-04-06,,97.0,0.3,0.015,33328.0,5.0,1368.0,1368.0
1369,Weakley,2020-04-07,,113.0,0.4,0.015,33328.0,5.0,1369.0,1369.0
1370,White,2020-03-25,0.0,,,,,1.0,1370.0,1370.0
1371,White,2020-03-26,0.0,,,,,1.0,1371.0,1371.0
1372,White,2020-03-27,0.0,,,,,1.0,1372.0,1372.0
1373,White,2020-03-28,,,,0.004,27345.0,1.0,1373.0,1373.0
1374,White,2020-03-29,,,,0.004,27345.0,1.0,1374.0,1374.0
1375,White,2020-03-30,,,,0.004,27345.0,1.0,1375.0,1375.0
1376,White,2020-03-31,,59.0,0.2,0.004,27345.0,1.0,1376.0,1376.0
1377,White,2020-04-01,,64.0,0.2,0.006999999999999999,27345.0,2.0,1377.0,1377.0
1378,White,2020-04-02,,77.0,0.3,0.006999999999999999,27345.0,2.0,1378.0,1378.0
1379,White,2020-04-03,,102.0,0.4,0.006999999999999999,27345.0,2.0,1379.0,1379.0
1380,White,2020-04-04,,104.0,0.4,0.006999999999999999,27345.0,2.0,1380.0,1380.0
1381,White,2020-04-05,,123.0,0.5,0.006999999999999999,27345.0,2.0,1381.0,1381.0
1382,White,2020-04-06,,128.0,0.5,0.006999999999999999,27345.0,2.0,1382.0,1382.0
1383,White,2020-04-07,,160.0,0.6,0.006999999999999999,27345.0,2.0,1383.0,1383.0
1384,Williamson,2020-03-05,0.0,,,,,1.0,1384.0,1384.0
1385,Williamson,2020-03-06,0.0,,,,,1.0,1385.0,1385.0
1386,Williamson,2020-03-07,0.0,,,,,1.0,1386.0,1386.0
1387,Williamson,2020-03-08,0.0,,,,,1.0,1387.0,1387.0
1388,Williamson,2020-03-09,0.0,,,,,2.0,1388.0,1388.0
1389,Williamson,2020-03-10,0.0,,,,,4.0,1389.0,1389.0
1390,Williamson,2020-03-11,0.0,,,,,4.0,1390.0,1390.0
1391,Williamson,2020-03-12,0.0,,,,,8.0,1391.0,1391.0
1392,Williamson,2020-03-13,0.0,,,,,9.0,1392.0,1392.0
1393,Williamson,2020-03-14,0.0,,,,,10.0,1393.0,1393.0
1394,Williamson,2020-03-15,0.0,,,,,14.0,1394.0,1394.0
1395,Williamson,2020-03-16,0.0,,,,,18.0,1395.0,1395.0
1396,Williamson,2020-03-17,0.0,,,,,21.0,1396.0,1396.0
1397,Williamson,2020-03-18,0.0,,,,,24.0,1397.0,1397.0
1398,Williamson,2020-03-19,0.0,,,,,35.0,1398.0,1398.0
1399,Williamson,2020-03-20,0.0,,,,,35.0,1399.0,1399.0
1400,Williamson,2020-03-21,0.0,,,,,47.0,1400.0,1400.0
1401,Williamson,2020-03-22,0.0,,,,,48.0,1401.0,1401.0
1402,Williamson,2020-03-23,0.0,,,,,48.0,1402.0,1402.0
1403,Williamson,2020-03-24,0.0,,,,,64.0,1403.0,1403.0
1404,Williamson,2020-03-25,0.0,,,,,66.0,1404.0,1404.0
1405,Williamson,2020-03-26,0.0,,,,,70.0,1405.0,1405.0
1406,Williamson,2020-03-27,0.0,,,,,91.0,1406.0,1406.0
1407,Williamson,2020-03-28,,,,0.04,238412.0,95.0,1407.0,1407.0
1408,Williamson,2020-03-29,,,,0.042,238412.0,101.0,1408.0,1408.0
1409,Williamson,2020-03-30,,,,0.047,238412.0,111.0,1409.0,1409.0
1410,Williamson,2020-03-31,,1097.0,0.5,0.055,238412.0,131.0,1410.0,1410.0
1411,Williamson,2020-04-01,2.0,1194.0,0.6,0.062,238412.0,148.0,1411.0,1411.0
1412,Williamson,2020-04-02,3.0,1434.0,0.7,0.083,238412.0,199.0,1412.0,1412.0
1413,Williamson,2020-04-03,2.0,1568.0,0.8,0.09300000000000001,238412.0,221.0,1413.0,1413.0
1414,Williamson,2020-04-04,2.0,1698.0,0.8,0.1,238412.0,239.0,1414.0,1414.0
1415,Williamson,2020-04-05,2.0,1817.0,0.9,0.10800000000000001,238412.0,258.0,1415.0,1415.0
1416,Williamson,2020-04-06,2.0,1849.0,0.9,0.109,238412.0,260.0,1416.0,1416.0
1417,Williamson,2020-04-07,3.0,2023.0,1.0,0.11699999999999999,238412.0,278.0,1417.0,1417.0
1418,Wilson,2020-03-19,0.0,,,,,2.0,1418.0,1418.0
1419,Wilson,2020-03-20,0.0,,,,,3.0,1419.0,1419.0
1420,Wilson,2020-03-21,0.0,,,,,3.0,1420.0,1420.0
1421,Wilson,2020-03-22,0.0,,,,,3.0,1421.0,1421.0
1422,Wilson,2020-03-23,0.0,,,,,3.0,1422.0,1422.0
1423,Wilson,2020-03-24,0.0,,,,,7.0,1423.0,1423.0
1424,Wilson,2020-03-25,0.0,,,,,10.0,1424.0,1424.0
1425,Wilson,2020-03-26,0.0,,,,,13.0,1425.0,1425.0
1426,Wilson,2020-03-27,0.0,,,,,20.0,1426.0,1426.0
1427,Wilson,2020-03-28,,,,0.013999999999999999,144657.0,20.0,1427.0,1427.0
1428,Wilson,2020-03-29,,,,0.019,144657.0,27.0,1428.0,1428.0
1429,Wilson,2020-03-30,,,,0.022000000000000002,144657.0,32.0,1429.0,1429.0
1430,Wilson,2020-03-31,,477.0,0.4,0.027000000000000003,144657.0,39.0,1430.0,1430.0
1431,Wilson,2020-04-01,,538.0,0.4,0.031,144657.0,45.0,1431.0,1431.0
1432,Wilson,2020-04-02,,756.0,0.6,0.043,144657.0,62.0,1432.0,1432.0
1433,Wilson,2020-04-03,,806.0,0.6,0.049,144657.0,71.0,1433.0,1433.0
1434,Wilson,2020-04-04,,884.0,0.7,0.057,144657.0,82.0,1434.0,1434.0
1435,Wilson,2020-04-05,,961.0,0.7,0.064,144657.0,93.0,1435.0,1435.0
1436,Wilson,2020-04-06,,996.0,0.8,0.067,144657.0,97.0,1436.0,1436.0
1437,Wilson,2020-04-07,,1092.0,0.8,0.078,144657.0,113.0,1437.0,1437.0
