County,Date,Death,Negative,Percent_Tested,Percentage of County Population,Population,Positive,Unnamed: 0,Unnamed: 0.1,Unnamed: 0.1.1,Unnamed: 0.1.1.1,Unnamed: 0.1.1.1.1,fips
Wilson,2020-03-19,0.0,,,,,2.0,0.0,0.0,0.0,0.0,0.0,47189.0
Wilson,2020-03-20,0.0,,,,,3.0,1.0,1.0,1.0,1.0,1.0,47189.0
Wilson,2020-03-21,0.0,,,,,3.0,2.0,2.0,2.0,2.0,2.0,47189.0
Wilson,2020-03-22,0.0,,,,,3.0,3.0,3.0,3.0,3.0,3.0,47189.0
Wilson,2020-03-23,0.0,,,,,3.0,4.0,4.0,4.0,4.0,4.0,47189.0
Wilson,2020-03-24,0.0,,,,,7.0,5.0,5.0,5.0,5.0,5.0,47189.0
Wilson,2020-03-25,0.0,,,,,10.0,6.0,6.0,6.0,6.0,6.0,47189.0
Wilson,2020-03-26,0.0,,,,,13.0,7.0,7.0,7.0,7.0,7.0,47189.0
Wilson,2020-03-27,0.0,,,,,20.0,8.0,8.0,8.0,8.0,8.0,47189.0
Wilson,2020-03-28,,,,0.013999999999999999,144657.0,20.0,9.0,9.0,9.0,9.0,9.0,
Wilson,2020-03-29,,,,0.019,144657.0,27.0,10.0,10.0,10.0,10.0,10.0,
Wilson,2020-03-30,,,,0.022000000000000002,144657.0,32.0,11.0,11.0,11.0,11.0,11.0,
Wilson,2020-03-31,,477.0,0.4,0.027000000000000003,144657.0,39.0,12.0,12.0,12.0,12.0,12.0,
Wilson,2020-04-01,,538.0,0.4,0.031,144657.0,45.0,13.0,13.0,13.0,13.0,13.0,
Wilson,2020-04-02,,756.0,0.6,0.043,144657.0,62.0,14.0,14.0,14.0,14.0,14.0,
Wilson,2020-04-03,,806.0,0.6,0.049,144657.0,71.0,15.0,15.0,15.0,15.0,15.0,
Wilson,2020-04-04,,884.0,0.7,0.057,144657.0,82.0,16.0,16.0,16.0,16.0,,
Williamson,2020-03-05,0.0,,,,,1.0,17.0,17.0,17.0,17.0,16.0,47187.0
Williamson,2020-03-06,0.0,,,,,1.0,18.0,18.0,18.0,18.0,17.0,47187.0
Williamson,2020-03-07,0.0,,,,,1.0,19.0,19.0,19.0,19.0,18.0,47187.0
Williamson,2020-03-08,0.0,,,,,1.0,20.0,20.0,20.0,20.0,19.0,47187.0
Williamson,2020-03-09,0.0,,,,,2.0,21.0,21.0,21.0,21.0,20.0,47187.0
Williamson,2020-03-10,0.0,,,,,4.0,22.0,22.0,22.0,22.0,21.0,47187.0
Williamson,2020-03-11,0.0,,,,,4.0,23.0,23.0,23.0,23.0,22.0,47187.0
Williamson,2020-03-12,0.0,,,,,8.0,24.0,24.0,24.0,24.0,23.0,47187.0
Williamson,2020-03-13,0.0,,,,,9.0,25.0,25.0,25.0,25.0,24.0,47187.0
Williamson,2020-03-14,0.0,,,,,10.0,26.0,26.0,26.0,26.0,25.0,47187.0
Williamson,2020-03-15,0.0,,,,,14.0,27.0,27.0,27.0,27.0,26.0,47187.0
Williamson,2020-03-16,0.0,,,,,18.0,28.0,28.0,28.0,28.0,27.0,47187.0
Williamson,2020-03-17,0.0,,,,,21.0,29.0,29.0,29.0,29.0,28.0,47187.0
Williamson,2020-03-18,0.0,,,,,24.0,30.0,30.0,30.0,30.0,29.0,47187.0
Williamson,2020-03-19,0.0,,,,,35.0,31.0,31.0,31.0,31.0,30.0,47187.0
Williamson,2020-03-20,0.0,,,,,35.0,32.0,32.0,32.0,32.0,31.0,47187.0
Williamson,2020-03-21,0.0,,,,,47.0,33.0,33.0,33.0,33.0,32.0,47187.0
Williamson,2020-03-22,0.0,,,,,48.0,34.0,34.0,34.0,34.0,33.0,47187.0
Williamson,2020-03-23,0.0,,,,,48.0,35.0,35.0,35.0,35.0,34.0,47187.0
Williamson,2020-03-24,0.0,,,,,64.0,36.0,36.0,36.0,36.0,35.0,47187.0
Williamson,2020-03-25,0.0,,,,,66.0,37.0,37.0,37.0,37.0,36.0,47187.0
Williamson,2020-03-26,0.0,,,,,70.0,38.0,38.0,38.0,38.0,37.0,47187.0
Williamson,2020-03-27,0.0,,,,,91.0,39.0,39.0,39.0,39.0,38.0,47187.0
Williamson,2020-03-28,,,,0.04,238412.0,95.0,40.0,40.0,40.0,40.0,39.0,
Williamson,2020-03-29,,,,0.042,238412.0,101.0,41.0,41.0,41.0,41.0,40.0,
Williamson,2020-03-30,,,,0.047,238412.0,111.0,42.0,42.0,42.0,42.0,41.0,
Williamson,2020-03-31,,1097.0,0.5,0.055,238412.0,131.0,43.0,43.0,43.0,43.0,42.0,
Williamson,2020-04-01,2.0,1194.0,0.6,0.062,238412.0,148.0,44.0,44.0,44.0,44.0,43.0,
Williamson,2020-04-02,3.0,1434.0,0.7,0.083,238412.0,199.0,45.0,45.0,45.0,45.0,44.0,
Williamson,2020-04-03,2.0,1568.0,0.8,0.09300000000000001,238412.0,221.0,46.0,46.0,46.0,46.0,45.0,
Williamson,2020-04-04,2.0,1698.0,0.8,0.1,238412.0,239.0,47.0,47.0,47.0,47.0,,
White,2020-03-25,0.0,,,,,1.0,48.0,48.0,48.0,48.0,46.0,47185.0
White,2020-03-26,0.0,,,,,1.0,49.0,49.0,49.0,49.0,47.0,47185.0
White,2020-03-27,0.0,,,,,1.0,50.0,50.0,50.0,50.0,48.0,47185.0
White,2020-03-28,,,,0.004,27345.0,1.0,51.0,51.0,51.0,51.0,49.0,
White,2020-03-29,,,,0.004,27345.0,1.0,52.0,52.0,52.0,52.0,50.0,
White,2020-03-30,,,,0.004,27345.0,1.0,53.0,53.0,53.0,53.0,51.0,
White,2020-03-31,,59.0,0.2,0.004,27345.0,1.0,54.0,54.0,54.0,54.0,52.0,
White,2020-04-01,,64.0,0.2,0.006999999999999999,27345.0,2.0,55.0,55.0,55.0,55.0,53.0,
White,2020-04-02,,77.0,0.3,0.006999999999999999,27345.0,2.0,56.0,56.0,56.0,56.0,54.0,
White,2020-04-03,,102.0,0.4,0.006999999999999999,27345.0,2.0,57.0,57.0,57.0,57.0,55.0,
White,2020-04-04,,104.0,0.4,0.006999999999999999,27345.0,2.0,58.0,58.0,58.0,58.0,,
Weakley,2020-03-24,0.0,,,,,1.0,59.0,59.0,59.0,59.0,56.0,47183.0
Weakley,2020-03-28,,,,0.003,33328.0,1.0,60.0,60.0,60.0,60.0,57.0,
Weakley,2020-03-29,,,,0.003,33328.0,1.0,61.0,61.0,61.0,61.0,58.0,
Weakley,2020-03-30,,,,0.003,33328.0,1.0,62.0,62.0,62.0,62.0,59.0,
Weakley,2020-03-31,,55.0,0.2,0.003,33328.0,1.0,63.0,63.0,63.0,63.0,60.0,
Weakley,2020-04-01,,59.0,0.2,0.003,33328.0,1.0,64.0,64.0,64.0,64.0,61.0,
Weakley,2020-04-02,,68.0,0.2,0.003,33328.0,1.0,65.0,65.0,65.0,65.0,62.0,
Weakley,2020-04-03,,72.0,0.2,0.003,33328.0,1.0,66.0,66.0,66.0,66.0,63.0,
Weakley,2020-04-04,,77.0,0.2,0.003,33328.0,1.0,67.0,67.0,67.0,67.0,,
Wayne,2020-03-30,,,,0.006,16673.0,1.0,68.0,68.0,68.0,68.0,64.0,
Wayne,2020-03-31,,17.0,0.1,0.006,16673.0,1.0,69.0,69.0,69.0,69.0,65.0,
Wayne,2020-04-01,,21.0,0.1,0.006,16673.0,1.0,70.0,70.0,70.0,70.0,66.0,
Wayne,2020-04-02,,31.0,0.2,0.012,16673.0,2.0,71.0,71.0,71.0,71.0,67.0,
Wayne,2020-04-03,,34.0,0.2,0.012,16673.0,2.0,72.0,72.0,72.0,72.0,68.0,
Wayne,2020-04-04,,37.0,0.2,0.012,16673.0,2.0,73.0,73.0,73.0,73.0,,
Washington,2020-03-19,0.0,,,,,2.0,74.0,74.0,74.0,74.0,69.0,47179.0
Washington,2020-03-20,0.0,,,,,2.0,75.0,75.0,75.0,75.0,70.0,47179.0
Washington,2020-03-21,0.0,,,,,2.0,76.0,76.0,76.0,76.0,71.0,47179.0
Washington,2020-03-22,0.0,,,,,2.0,77.0,77.0,77.0,77.0,72.0,47179.0
Washington,2020-03-23,0.0,,,,,2.0,78.0,78.0,78.0,78.0,73.0,47179.0
Washington,2020-03-24,0.0,,,,,7.0,79.0,79.0,79.0,79.0,74.0,47179.0
Washington,2020-03-25,0.0,,,,,7.0,80.0,80.0,80.0,80.0,75.0,47179.0
Washington,2020-03-26,0.0,,,,,9.0,81.0,81.0,81.0,81.0,76.0,47179.0
Washington,2020-03-27,0.0,,,,,10.0,82.0,82.0,82.0,82.0,77.0,47179.0
Washington,2020-03-28,,,,0.011000000000000001,129375.0,14.0,83.0,83.0,83.0,83.0,78.0,
Washington,2020-03-29,,,,0.011000000000000001,129375.0,14.0,84.0,84.0,84.0,84.0,79.0,
Washington,2020-03-30,,,,0.011000000000000001,129375.0,14.0,85.0,85.0,85.0,85.0,80.0,
Washington,2020-03-31,,229.0,0.2,0.011000000000000001,129375.0,14.0,86.0,86.0,86.0,86.0,81.0,
Washington,2020-04-01,,235.0,0.2,0.016,129375.0,21.0,87.0,87.0,87.0,87.0,82.0,
Washington,2020-04-02,,293.0,0.2,0.015,129375.0,20.0,88.0,88.0,88.0,88.0,83.0,
Washington,2020-04-03,,300.0,0.2,0.015,129375.0,20.0,89.0,89.0,89.0,89.0,84.0,
Washington,2020-04-04,,304.0,0.3,0.017,129375.0,22.0,90.0,90.0,90.0,90.0,,
Warren,2020-03-30,,,,0.002,41277.0,1.0,91.0,91.0,91.0,91.0,85.0,
Warren,2020-03-31,,71.0,0.2,0.002,41277.0,1.0,92.0,92.0,92.0,92.0,86.0,
Warren,2020-04-01,,74.0,0.2,0.002,41277.0,1.0,93.0,93.0,93.0,93.0,87.0,
Warren,2020-04-02,,93.0,0.2,0.002,41277.0,1.0,94.0,94.0,94.0,94.0,88.0,
Warren,2020-04-03,,112.0,0.3,0.002,41277.0,1.0,95.0,95.0,95.0,95.0,89.0,
Warren,2020-04-04,,119.0,0.3,0.002,41277.0,1.0,96.0,96.0,96.0,96.0,,
Van Buren,2020-03-31,,16.0,0.3,0.0,5872.0,0.0,97.0,97.0,97.0,97.0,90.0,
Van Buren,2020-04-01,,17.0,0.3,0.0,5872.0,0.0,98.0,98.0,98.0,98.0,91.0,
Van Buren,2020-04-02,,20.0,0.3,0.0,5872.0,0.0,99.0,99.0,99.0,99.0,92.0,
Van Buren,2020-04-03,,21.0,0.4,0.0,5872.0,0.0,100.0,100.0,100.0,100.0,93.0,
Van Buren,2020-04-04,,22.0,0.4,0.0,5872.0,0.0,101.0,101.0,101.0,101.0,,
Unknown,2020-03-19,0.0,,,,,2.0,102.0,102.0,102.0,102.0,94.0,
Unknown,2020-03-20,0.0,,,,,2.0,103.0,103.0,103.0,103.0,95.0,
Unknown,2020-03-21,0.0,,,,,8.0,104.0,104.0,104.0,104.0,96.0,
Unknown,2020-03-22,0.0,,,,,28.0,105.0,105.0,105.0,105.0,97.0,
Unknown,2020-03-23,0.0,,,,,109.0,106.0,106.0,106.0,106.0,98.0,
Unknown,2020-03-24,0.0,,,,,109.0,107.0,107.0,107.0,107.0,99.0,
Unknown,2020-03-25,1.0,,,,,109.0,108.0,108.0,108.0,108.0,100.0,
Unknown,2020-03-26,1.0,,,,,112.0,109.0,109.0,109.0,109.0,101.0,
Unknown,2020-03-27,4.0,,,,,172.0,110.0,110.0,110.0,110.0,102.0,
Unknown,2020-03-28,4.0,,,,,161.0,111.0,111.0,111.0,111.0,103.0,
Unknown,2020-03-29,4.0,,,,,190.0,112.0,112.0,112.0,112.0,104.0,
Unknown,2020-03-30,9.0,,,,,109.0,113.0,113.0,113.0,113.0,105.0,
Unknown,2020-03-31,9.0,,,,,109.0,114.0,114.0,114.0,114.0,106.0,
Unknown,2020-04-01,17.0,,,,,307.0,115.0,115.0,115.0,115.0,107.0,
Union,2020-03-28,,,,0.005,19972.0,1.0,116.0,116.0,116.0,116.0,108.0,
Union,2020-03-29,,,,0.005,19972.0,1.0,117.0,117.0,117.0,117.0,109.0,
Union,2020-03-30,,,,0.005,19972.0,1.0,118.0,118.0,118.0,118.0,110.0,
Union,2020-03-31,,20.0,0.1,0.005,19972.0,1.0,119.0,119.0,119.0,119.0,111.0,
Union,2020-04-01,,22.0,0.1,0.005,19972.0,1.0,120.0,120.0,120.0,120.0,112.0,
Union,2020-04-02,,26.0,0.1,0.005,19972.0,1.0,121.0,121.0,121.0,121.0,113.0,
Union,2020-04-03,,30.0,0.2,0.005,19972.0,1.0,122.0,122.0,122.0,122.0,114.0,
Union,2020-04-04,,32.0,0.2,0.005,19972.0,1.0,123.0,123.0,123.0,123.0,,
Unicoi,2020-03-26,0.0,,,,,1.0,124.0,124.0,124.0,124.0,115.0,47171.0
Unicoi,2020-03-27,0.0,,,,,1.0,125.0,125.0,125.0,125.0,116.0,47171.0
Unicoi,2020-03-28,,,,0.006,17883.0,1.0,126.0,126.0,126.0,126.0,117.0,
Unicoi,2020-03-29,,,,0.006,17883.0,1.0,127.0,127.0,127.0,127.0,118.0,
Unicoi,2020-03-30,,,,0.006,17883.0,1.0,128.0,128.0,128.0,128.0,119.0,
Unicoi,2020-03-31,,21.0,0.1,0.006,17883.0,1.0,129.0,129.0,129.0,129.0,120.0,
Unicoi,2020-04-01,,22.0,0.1,0.006,17883.0,1.0,130.0,130.0,130.0,130.0,121.0,
Unicoi,2020-04-02,,30.0,0.2,0.006,17883.0,1.0,131.0,131.0,131.0,131.0,122.0,
Unicoi,2020-04-03,,30.0,0.2,0.006,17883.0,1.0,132.0,132.0,132.0,132.0,123.0,
Unicoi,2020-04-04,,30.0,0.2,0.006,17883.0,1.0,133.0,133.0,133.0,133.0,,
Trousdale,2020-03-28,,,,0.009000000000000001,11284.0,1.0,134.0,134.0,134.0,134.0,124.0,
Trousdale,2020-03-29,,,,0.009000000000000001,11284.0,1.0,135.0,135.0,135.0,135.0,125.0,
Trousdale,2020-03-30,,,,0.027000000000000003,11284.0,3.0,136.0,136.0,136.0,136.0,126.0,
Trousdale,2020-03-31,,22.0,0.2,0.035,11284.0,4.0,137.0,137.0,137.0,137.0,127.0,
Trousdale,2020-04-01,1.0,22.0,0.2,0.044000000000000004,11284.0,5.0,138.0,138.0,138.0,138.0,128.0,
Trousdale,2020-04-02,1.0,33.0,0.3,0.053,11284.0,6.0,139.0,139.0,139.0,139.0,129.0,
Trousdale,2020-04-03,1.0,35.0,0.4,0.062,11284.0,7.0,140.0,140.0,140.0,140.0,130.0,
Trousdale,2020-04-04,1.0,37.0,0.4,0.062,11284.0,7.0,141.0,141.0,141.0,141.0,,
Tipton,2020-03-20,0.0,,,,,1.0,142.0,142.0,142.0,142.0,131.0,47167.0
Tipton,2020-03-21,0.0,,,,,2.0,143.0,143.0,143.0,143.0,132.0,47167.0
Tipton,2020-03-22,0.0,,,,,5.0,144.0,144.0,144.0,144.0,133.0,47167.0
Tipton,2020-03-23,0.0,,,,,5.0,145.0,145.0,145.0,145.0,134.0,47167.0
Tipton,2020-03-24,0.0,,,,,6.0,146.0,146.0,146.0,146.0,135.0,47167.0
Tipton,2020-03-25,0.0,,,,,6.0,147.0,147.0,147.0,147.0,136.0,47167.0
Tipton,2020-03-26,0.0,,,,,8.0,148.0,148.0,148.0,148.0,137.0,47167.0
Tipton,2020-03-27,0.0,,,,,10.0,149.0,149.0,149.0,149.0,138.0,47167.0
Tipton,2020-03-28,,,,0.018000000000000002,61599.0,11.0,150.0,150.0,150.0,150.0,139.0,
Tipton,2020-03-29,,,,0.024,61599.0,15.0,151.0,151.0,151.0,151.0,140.0,
Tipton,2020-03-30,,,,0.026000000000000002,61599.0,16.0,152.0,152.0,152.0,152.0,141.0,
Tipton,2020-03-31,,142.0,0.3,0.034,61599.0,21.0,153.0,153.0,153.0,153.0,142.0,
Tipton,2020-04-01,,148.0,0.3,0.036000000000000004,61599.0,22.0,154.0,154.0,154.0,154.0,143.0,
Tipton,2020-04-02,,196.0,0.4,0.039,61599.0,24.0,155.0,155.0,155.0,155.0,144.0,
Tipton,2020-04-03,,204.0,0.4,0.045,61599.0,28.0,156.0,156.0,156.0,156.0,145.0,
Tipton,2020-04-04,,238.0,0.4,0.05,61599.0,31.0,157.0,157.0,157.0,157.0,,
Sumner,2020-03-18,0.0,,,,,2.0,158.0,158.0,158.0,158.0,146.0,47165.0
Sumner,2020-03-19,0.0,,,,,3.0,159.0,159.0,159.0,159.0,147.0,47165.0
Sumner,2020-03-20,0.0,,,,,11.0,160.0,160.0,160.0,160.0,148.0,47165.0
Sumner,2020-03-21,0.0,,,,,11.0,161.0,161.0,161.0,161.0,149.0,47165.0
Sumner,2020-03-22,0.0,,,,,22.0,162.0,162.0,162.0,162.0,150.0,47165.0
Sumner,2020-03-23,0.0,,,,,22.0,163.0,163.0,163.0,163.0,151.0,47165.0
Sumner,2020-03-24,0.0,,,,,34.0,164.0,164.0,164.0,164.0,152.0,47165.0
Sumner,2020-03-25,0.0,,,,,36.0,165.0,165.0,165.0,165.0,153.0,47165.0
Sumner,2020-03-26,0.0,,,,,43.0,166.0,166.0,166.0,166.0,154.0,47165.0
Sumner,2020-03-27,0.0,,,,,58.0,167.0,167.0,167.0,167.0,155.0,47165.0
Sumner,2020-03-28,,,,0.043,191283.0,82.0,168.0,168.0,168.0,168.0,156.0,
Sumner,2020-03-29,,,,0.049,191283.0,93.0,169.0,169.0,169.0,169.0,157.0,
Sumner,2020-03-30,,,,0.086,191283.0,164.0,170.0,170.0,170.0,170.0,158.0,
Sumner,2020-03-31,,692.0,0.5,0.096,191283.0,184.0,171.0,171.0,171.0,171.0,159.0,
Sumner,2020-04-01,7.0,743.0,0.5,0.105,191283.0,201.0,172.0,172.0,172.0,172.0,160.0,
Sumner,2020-04-02,7.0,913.0,0.6,0.14,191283.0,268.0,173.0,173.0,173.0,173.0,161.0,
Sumner,2020-04-03,8.0,982.0,0.7,0.14800000000000002,191283.0,283.0,174.0,174.0,174.0,174.0,162.0,
Sumner,2020-04-04,10.0,1064.0,0.7,0.157,191283.0,301.0,175.0,175.0,175.0,175.0,,
Sullivan,2020-03-10,0.0,,,,,1.0,176.0,176.0,176.0,176.0,163.0,47163.0
Sullivan,2020-03-11,0.0,,,,,1.0,177.0,177.0,177.0,177.0,164.0,47163.0
Sullivan,2020-03-12,0.0,,,,,1.0,178.0,178.0,178.0,178.0,165.0,47163.0
Sullivan,2020-03-13,0.0,,,,,1.0,179.0,179.0,179.0,179.0,166.0,47163.0
Sullivan,2020-03-14,0.0,,,,,1.0,180.0,180.0,180.0,180.0,167.0,47163.0
Sullivan,2020-03-15,0.0,,,,,1.0,181.0,181.0,181.0,181.0,168.0,47163.0
Sullivan,2020-03-16,0.0,,,,,1.0,182.0,182.0,182.0,182.0,169.0,47163.0
Sullivan,2020-03-17,0.0,,,,,1.0,183.0,183.0,183.0,183.0,170.0,47163.0
Sullivan,2020-03-18,0.0,,,,,1.0,184.0,184.0,184.0,184.0,171.0,47163.0
Sullivan,2020-03-19,0.0,,,,,1.0,185.0,185.0,185.0,185.0,172.0,47163.0
Sullivan,2020-03-20,0.0,,,,,1.0,186.0,186.0,186.0,186.0,173.0,47163.0
Sullivan,2020-03-21,0.0,,,,,1.0,187.0,187.0,187.0,187.0,174.0,47163.0
Sullivan,2020-03-22,0.0,,,,,1.0,188.0,188.0,188.0,188.0,175.0,47163.0
Sullivan,2020-03-23,0.0,,,,,1.0,189.0,189.0,189.0,189.0,176.0,47163.0
Sullivan,2020-03-24,0.0,,,,,2.0,190.0,190.0,190.0,190.0,177.0,47163.0
Sullivan,2020-03-25,0.0,,,,,2.0,191.0,191.0,191.0,191.0,178.0,47163.0
Sullivan,2020-03-26,0.0,,,,,4.0,192.0,192.0,192.0,192.0,179.0,47163.0
Sullivan,2020-03-27,0.0,,,,,6.0,193.0,193.0,193.0,193.0,180.0,47163.0
Sullivan,2020-03-28,,,,0.004,158348.0,6.0,194.0,194.0,194.0,194.0,181.0,
Sullivan,2020-03-29,,,,0.005,158348.0,8.0,195.0,195.0,195.0,195.0,182.0,
Sullivan,2020-03-30,,,,0.006999999999999999,158348.0,11.0,196.0,196.0,196.0,196.0,183.0,
Sullivan,2020-03-31,,134.0,0.1,0.008,158348.0,13.0,197.0,197.0,197.0,197.0,184.0,
Sullivan,2020-04-01,,140.0,0.1,0.011000000000000001,158348.0,17.0,198.0,198.0,198.0,198.0,185.0,
Sullivan,2020-04-02,1.0,183.0,0.1,0.011000000000000001,158348.0,17.0,199.0,199.0,199.0,199.0,186.0,
Sullivan,2020-04-03,1.0,188.0,0.1,0.011000000000000001,158348.0,18.0,200.0,200.0,200.0,200.0,187.0,
Sullivan,2020-04-04,1.0,196.0,0.1,0.011,158348.0,18.0,201.0,201.0,201.0,201.0,,
Stewart,2020-03-31,,43.0,0.3,0.0,13715.0,0.0,202.0,202.0,202.0,202.0,188.0,
Stewart,2020-04-01,,44.0,0.3,0.0,13715.0,0.0,203.0,203.0,203.0,203.0,189.0,
Stewart,2020-04-02,,47.0,0.3,0.0,13715.0,0.0,204.0,204.0,204.0,204.0,190.0,
Stewart,2020-04-03,,48.0,0.3,0.0,13715.0,0.0,205.0,205.0,205.0,205.0,191.0,
Stewart,2020-04-04,,54.0,0.4,0.006999999999999999,13715.0,1.0,206.0,206.0,206.0,206.0,,
Smith,2020-03-27,0.0,,,,,1.0,207.0,207.0,207.0,207.0,192.0,47159.0
Smith,2020-03-28,,,,0.005,20157.0,1.0,208.0,208.0,208.0,208.0,193.0,
Smith,2020-03-29,,,,0.005,20157.0,1.0,209.0,209.0,209.0,209.0,194.0,
Smith,2020-03-30,,,,0.005,20157.0,1.0,210.0,210.0,210.0,210.0,195.0,
Smith,2020-03-31,,69.0,0.4,0.01,20157.0,2.0,211.0,211.0,211.0,211.0,196.0,
Smith,2020-04-01,,74.0,0.4,0.015,20157.0,3.0,212.0,212.0,212.0,212.0,197.0,
Smith,2020-04-02,,91.0,0.5,0.015,20157.0,3.0,213.0,213.0,213.0,213.0,198.0,
Smith,2020-04-03,,97.0,0.5,0.015,20157.0,3.0,214.0,214.0,214.0,214.0,199.0,
Smith,2020-04-04,,117.0,0.6,0.015,20157.0,3.0,215.0,215.0,215.0,215.0,,
Shelby,2020-03-08,0.0,,,,,1.0,216.0,216.0,216.0,216.0,200.0,47157.0
Shelby,2020-03-09,0.0,,,,,1.0,217.0,217.0,217.0,217.0,201.0,47157.0
Shelby,2020-03-10,0.0,,,,,1.0,218.0,218.0,218.0,218.0,202.0,47157.0
Shelby,2020-03-11,0.0,,,,,1.0,219.0,219.0,219.0,219.0,203.0,47157.0
Shelby,2020-03-12,0.0,,,,,2.0,220.0,220.0,220.0,220.0,204.0,47157.0
Shelby,2020-03-13,0.0,,,,,2.0,221.0,221.0,221.0,221.0,205.0,47157.0
Shelby,2020-03-14,0.0,,,,,2.0,222.0,222.0,222.0,222.0,206.0,47157.0
Shelby,2020-03-15,0.0,,,,,2.0,223.0,223.0,223.0,223.0,207.0,47157.0
Shelby,2020-03-16,0.0,,,,,2.0,224.0,224.0,224.0,224.0,208.0,47157.0
Shelby,2020-03-17,0.0,,,,,2.0,225.0,225.0,225.0,225.0,209.0,47157.0
Shelby,2020-03-18,0.0,,,,,4.0,226.0,226.0,226.0,226.0,210.0,47157.0
Shelby,2020-03-19,0.0,,,,,22.0,227.0,227.0,227.0,227.0,211.0,47157.0
Shelby,2020-03-20,0.0,,,,,42.0,228.0,228.0,228.0,228.0,212.0,47157.0
Shelby,2020-03-21,0.0,,,,,42.0,229.0,229.0,229.0,229.0,213.0,47157.0
Shelby,2020-03-22,0.0,,,,,66.0,230.0,230.0,230.0,230.0,214.0,47157.0
Shelby,2020-03-23,0.0,,,,,66.0,231.0,231.0,231.0,231.0,215.0,47157.0
Shelby,2020-03-24,0.0,,,,,135.0,232.0,232.0,232.0,232.0,216.0,47157.0
Shelby,2020-03-25,0.0,,,,,170.0,233.0,233.0,233.0,233.0,217.0,47157.0
Shelby,2020-03-26,0.0,,,,,198.0,234.0,234.0,234.0,234.0,218.0,47157.0
Shelby,2020-03-27,0.0,,,,,223.0,235.0,235.0,235.0,235.0,219.0,47157.0
Shelby,2020-03-28,,,,0.028999999999999998,937166.0,269.0,236.0,236.0,236.0,236.0,220.0,
Shelby,2020-03-29,,,,0.033,937166.0,313.0,237.0,237.0,237.0,237.0,221.0,
Shelby,2020-03-30,,,,0.042,937166.0,396.0,238.0,238.0,238.0,238.0,222.0,
Shelby,2020-03-31,,1943.0,0.3,0.046,937166.0,428.0,239.0,239.0,239.0,239.0,223.0,
Shelby,2020-04-01,3.0,2397.0,0.3,0.053,937166.0,496.0,240.0,240.0,240.0,240.0,224.0,
Shelby,2020-04-02,5.0,2829.0,0.4,0.061,937166.0,570.0,241.0,241.0,241.0,241.0,225.0,
Shelby,2020-04-03,6.0,2951.0,0.4,0.068,937166.0,640.0,242.0,242.0,242.0,242.0,226.0,
Shelby,2020-04-04,8.0,3176.0,0.4,0.07400000000000001,937166.0,689.0,243.0,243.0,243.0,243.0,,
Sevier,2020-03-16,0.0,,,,,1.0,244.0,244.0,244.0,244.0,227.0,47155.0
Sevier,2020-03-17,0.0,,,,,1.0,245.0,245.0,245.0,245.0,228.0,47155.0
Sevier,2020-03-18,0.0,,,,,1.0,246.0,246.0,246.0,246.0,229.0,47155.0
Sevier,2020-03-19,0.0,,,,,1.0,247.0,247.0,247.0,247.0,230.0,47155.0
Sevier,2020-03-20,0.0,,,,,1.0,248.0,248.0,248.0,248.0,231.0,47155.0
Sevier,2020-03-21,0.0,,,,,2.0,249.0,249.0,249.0,249.0,232.0,47155.0
Sevier,2020-03-22,0.0,,,,,3.0,250.0,250.0,250.0,250.0,233.0,47155.0
Sevier,2020-03-23,0.0,,,,,3.0,251.0,251.0,251.0,251.0,234.0,47155.0
Sevier,2020-03-24,0.0,,,,,3.0,252.0,252.0,252.0,252.0,235.0,47155.0
Sevier,2020-03-25,0.0,,,,,3.0,253.0,253.0,253.0,253.0,236.0,47155.0
Sevier,2020-03-26,0.0,,,,,3.0,254.0,254.0,254.0,254.0,237.0,47155.0
Sevier,2020-03-27,0.0,,,,,6.0,255.0,255.0,255.0,255.0,238.0,47155.0
Sevier,2020-03-28,,,,0.006,98250.0,6.0,256.0,256.0,256.0,256.0,239.0,
Sevier,2020-03-29,,,,0.006,98250.0,6.0,257.0,257.0,257.0,257.0,240.0,
Sevier,2020-03-30,,,,0.006999999999999999,98250.0,7.0,258.0,258.0,258.0,258.0,241.0,
Sevier,2020-03-31,,168.0,0.2,0.008,98250.0,8.0,259.0,259.0,259.0,259.0,242.0,
Sevier,2020-04-01,,179.0,0.2,0.009000000000000001,98250.0,9.0,260.0,260.0,260.0,260.0,243.0,
Sevier,2020-04-02,,234.0,0.2,0.01,98250.0,10.0,261.0,261.0,261.0,261.0,244.0,
Sevier,2020-04-03,,259.0,0.3,0.013000000000000001,98250.0,13.0,262.0,262.0,262.0,262.0,245.0,
Sevier,2020-04-04,,288.0,0.3,0.013,98250.0,13.0,263.0,263.0,263.0,263.0,,
Sequatchie,2020-03-31,,16.0,0.1,0.006999999999999999,15026.0,1.0,264.0,264.0,264.0,264.0,246.0,
Sequatchie,2020-04-01,,16.0,0.1,0.006999999999999999,15026.0,1.0,265.0,265.0,265.0,265.0,247.0,
Sequatchie,2020-04-02,,23.0,0.2,0.013000000000000001,15026.0,2.0,266.0,266.0,266.0,266.0,248.0,
Sequatchie,2020-04-03,,27.0,0.2,0.013000000000000001,15026.0,2.0,267.0,267.0,267.0,267.0,249.0,
Sequatchie,2020-04-04,,30.0,0.2,0.013,15026.0,2.0,268.0,268.0,268.0,268.0,,
Scott,2020-03-21,0.0,,,,,2.0,269.0,269.0,269.0,269.0,250.0,47151.0
Scott,2020-03-22,0.0,,,,,2.0,270.0,270.0,270.0,270.0,251.0,47151.0
Scott,2020-03-23,0.0,,,,,2.0,271.0,271.0,271.0,271.0,252.0,47151.0
Scott,2020-03-24,0.0,,,,,2.0,272.0,272.0,272.0,272.0,253.0,47151.0
Scott,2020-03-25,0.0,,,,,2.0,273.0,273.0,273.0,273.0,254.0,47151.0
Scott,2020-03-26,0.0,,,,,2.0,274.0,274.0,274.0,274.0,255.0,47151.0
Scott,2020-03-27,0.0,,,,,2.0,275.0,275.0,275.0,275.0,256.0,47151.0
Scott,2020-03-28,,,,0.009000000000000001,22068.0,2.0,276.0,276.0,276.0,276.0,257.0,
Scott,2020-03-29,,,,0.009000000000000001,22068.0,2.0,277.0,277.0,277.0,277.0,258.0,
Scott,2020-03-30,,,,0.009000000000000001,22068.0,2.0,278.0,278.0,278.0,278.0,259.0,
Scott,2020-03-31,,38.0,0.2,0.009000000000000001,22068.0,2.0,279.0,279.0,279.0,279.0,260.0,
Scott,2020-04-01,,40.0,0.2,0.013999999999999999,22068.0,3.0,280.0,280.0,280.0,280.0,261.0,
Scott,2020-04-02,,55.0,0.3,0.013999999999999999,22068.0,3.0,281.0,281.0,281.0,281.0,262.0,
Scott,2020-04-03,,60.0,0.3,0.013999999999999999,22068.0,3.0,282.0,282.0,282.0,282.0,263.0,
Scott,2020-04-04,,61.0,0.3,0.014,22068.0,3.0,283.0,283.0,283.0,283.0,,
Rutherford,2020-03-13,0.0,,,,,1.0,284.0,284.0,284.0,284.0,264.0,47149.0
Rutherford,2020-03-14,0.0,,,,,1.0,285.0,285.0,285.0,285.0,265.0,47149.0
Rutherford,2020-03-15,0.0,,,,,1.0,286.0,286.0,286.0,286.0,266.0,47149.0
Rutherford,2020-03-16,0.0,,,,,1.0,287.0,287.0,287.0,287.0,267.0,47149.0
Rutherford,2020-03-17,0.0,,,,,1.0,288.0,288.0,288.0,288.0,268.0,47149.0
Rutherford,2020-03-18,0.0,,,,,1.0,289.0,289.0,289.0,289.0,269.0,47149.0
Rutherford,2020-03-19,0.0,,,,,1.0,290.0,290.0,290.0,290.0,270.0,47149.0
Rutherford,2020-03-20,0.0,,,,,1.0,291.0,291.0,291.0,291.0,271.0,47149.0
Rutherford,2020-03-21,0.0,,,,,5.0,292.0,292.0,292.0,292.0,272.0,47149.0
Rutherford,2020-03-22,0.0,,,,,8.0,293.0,293.0,293.0,293.0,273.0,47149.0
Rutherford,2020-03-23,0.0,,,,,8.0,294.0,294.0,294.0,294.0,274.0,47149.0
Rutherford,2020-03-24,0.0,,,,,13.0,295.0,295.0,295.0,295.0,275.0,47149.0
Rutherford,2020-03-25,0.0,,,,,19.0,296.0,296.0,296.0,296.0,276.0,47149.0
Rutherford,2020-03-26,0.0,,,,,27.0,297.0,297.0,297.0,297.0,277.0,47149.0
Rutherford,2020-03-27,0.0,,,,,39.0,298.0,298.0,298.0,298.0,278.0,47149.0
Rutherford,2020-03-28,,,,0.013999999999999999,332285.0,46.0,299.0,299.0,299.0,299.0,279.0,
Rutherford,2020-03-29,,,,0.013999999999999999,332285.0,48.0,300.0,300.0,300.0,300.0,280.0,
Rutherford,2020-03-30,,,,0.017,332285.0,57.0,301.0,301.0,301.0,301.0,281.0,
Rutherford,2020-03-31,,817.0,0.3,0.02,332285.0,68.0,302.0,302.0,302.0,302.0,282.0,
Rutherford,2020-04-01,1.0,873.0,0.3,0.026000000000000002,332285.0,86.0,303.0,303.0,303.0,303.0,283.0,
Rutherford,2020-04-02,1.0,1120.0,0.4,0.034,332285.0,113.0,304.0,304.0,304.0,304.0,284.0,
Rutherford,2020-04-03,3.0,1177.0,0.4,0.038,332285.0,127.0,305.0,305.0,305.0,305.0,285.0,
Rutherford,2020-04-04,3.0,1252.0,0.4,0.042,332285.0,140.0,306.0,306.0,306.0,306.0,,
Robertson,2020-03-18,0.0,,,,,1.0,307.0,307.0,307.0,307.0,286.0,47147.0
Robertson,2020-03-19,0.0,,,,,2.0,308.0,308.0,308.0,308.0,287.0,47147.0
Robertson,2020-03-20,0.0,,,,,2.0,309.0,309.0,309.0,309.0,288.0,47147.0
Robertson,2020-03-21,0.0,,,,,2.0,310.0,310.0,310.0,310.0,289.0,47147.0
Robertson,2020-03-22,0.0,,,,,3.0,311.0,311.0,311.0,311.0,290.0,47147.0
Robertson,2020-03-23,0.0,,,,,3.0,312.0,312.0,312.0,312.0,291.0,47147.0
Robertson,2020-03-24,0.0,,,,,12.0,313.0,313.0,313.0,313.0,292.0,47147.0
Robertson,2020-03-25,0.0,,,,,15.0,314.0,314.0,314.0,314.0,293.0,47147.0
Robertson,2020-03-26,0.0,,,,,20.0,315.0,315.0,315.0,315.0,294.0,47147.0
Robertson,2020-03-27,0.0,,,,,22.0,316.0,316.0,316.0,316.0,295.0,47147.0
Robertson,2020-03-28,,,,0.032,71813.0,23.0,317.0,317.0,317.0,317.0,296.0,
Robertson,2020-03-29,,,,0.035,71813.0,25.0,318.0,318.0,318.0,318.0,297.0,
Robertson,2020-03-30,,,,0.038,71813.0,27.0,319.0,319.0,319.0,319.0,298.0,
Robertson,2020-03-31,,268.0,0.4,0.039,71813.0,28.0,320.0,320.0,320.0,320.0,299.0,
Robertson,2020-04-01,,292.0,0.5,0.049,71813.0,35.0,321.0,321.0,321.0,321.0,300.0,
Robertson,2020-04-02,,347.0,0.5,0.057,71813.0,41.0,322.0,322.0,322.0,322.0,301.0,
Robertson,2020-04-03,,356.0,0.6,0.071,71813.0,51.0,323.0,323.0,323.0,323.0,302.0,
Robertson,2020-04-04,,389.0,0.6,0.071,71813.0,51.0,324.0,324.0,324.0,324.0,,
Roane,2020-03-21,0.0,,,,,1.0,325.0,325.0,325.0,325.0,303.0,47145.0
Roane,2020-03-22,0.0,,,,,1.0,326.0,326.0,326.0,326.0,304.0,47145.0
Roane,2020-03-23,0.0,,,,,1.0,327.0,327.0,327.0,327.0,305.0,47145.0
Roane,2020-03-24,0.0,,,,,1.0,328.0,328.0,328.0,328.0,306.0,47145.0
Roane,2020-03-25,0.0,,,,,1.0,329.0,329.0,329.0,329.0,307.0,47145.0
Roane,2020-03-26,0.0,,,,,1.0,330.0,330.0,330.0,330.0,308.0,47145.0
Roane,2020-03-27,0.0,,,,,1.0,331.0,331.0,331.0,331.0,309.0,47145.0
Roane,2020-03-28,,,,0.002,53382.0,1.0,332.0,332.0,332.0,332.0,310.0,
Roane,2020-03-29,,,,0.004,53382.0,2.0,333.0,333.0,333.0,333.0,311.0,
Roane,2020-03-30,,,,0.004,53382.0,2.0,334.0,334.0,334.0,334.0,312.0,
Roane,2020-03-31,,86.0,0.2,0.004,53382.0,2.0,335.0,335.0,335.0,335.0,313.0,
Roane,2020-04-01,,89.0,0.2,0.004,53382.0,2.0,336.0,336.0,336.0,336.0,314.0,
Roane,2020-04-02,,128.0,0.2,0.006,53382.0,3.0,337.0,337.0,337.0,337.0,315.0,
Roane,2020-04-03,,147.0,0.3,0.006,53382.0,3.0,338.0,338.0,338.0,338.0,316.0,
Roane,2020-04-04,,163.0,0.3,0.009000000000000001,53382.0,5.0,339.0,339.0,339.0,339.0,,
Rhea,2020-03-31,,56.0,0.2,0.003,33167.0,1.0,340.0,340.0,340.0,340.0,317.0,
Rhea,2020-04-01,,58.0,0.2,0.003,33167.0,1.0,341.0,341.0,341.0,341.0,318.0,
Rhea,2020-04-02,,77.0,0.2,0.0,33167.0,0.0,342.0,342.0,342.0,342.0,319.0,
Rhea,2020-04-03,,100.0,0.3,0.0,33167.0,0.0,343.0,343.0,343.0,343.0,320.0,
Rhea,2020-04-04,,110.0,0.3,0.0,33167.0,0.0,344.0,344.0,344.0,344.0,,
Putnam,2020-03-21,0.0,,,,,5.0,345.0,345.0,345.0,345.0,321.0,47141.0
Putnam,2020-03-22,0.0,,,,,6.0,346.0,346.0,346.0,346.0,322.0,47141.0
Putnam,2020-03-23,0.0,,,,,6.0,347.0,347.0,347.0,347.0,323.0,47141.0
Putnam,2020-03-24,0.0,,,,,8.0,348.0,348.0,348.0,348.0,324.0,47141.0
Putnam,2020-03-25,0.0,,,,,9.0,349.0,349.0,349.0,349.0,325.0,47141.0
Putnam,2020-03-26,0.0,,,,,11.0,350.0,350.0,350.0,350.0,326.0,47141.0
Putnam,2020-03-27,0.0,,,,,13.0,351.0,351.0,351.0,351.0,327.0,47141.0
Putnam,2020-03-28,,,,0.021,80245.0,17.0,352.0,352.0,352.0,352.0,328.0,
Putnam,2020-03-29,,,,0.021,80245.0,17.0,353.0,353.0,353.0,353.0,329.0,
Putnam,2020-03-30,,,,0.03,80245.0,24.0,354.0,354.0,354.0,354.0,330.0,
Putnam,2020-03-31,,207.0,0.3,0.03,80245.0,24.0,355.0,355.0,355.0,355.0,331.0,
Putnam,2020-04-01,,227.0,0.3,0.039,80245.0,31.0,356.0,356.0,356.0,356.0,332.0,
Putnam,2020-04-02,,331.0,0.5,0.046,80245.0,37.0,357.0,357.0,357.0,357.0,333.0,
Putnam,2020-04-03,,349.0,0.5,0.062,80245.0,50.0,358.0,358.0,358.0,358.0,334.0,
Putnam,2020-04-04,,362.0,0.5,0.065,80245.0,52.0,359.0,359.0,359.0,359.0,,
Polk,2020-03-31,,17.0,0.1,0.0,16832.0,0.0,360.0,360.0,360.0,360.0,335.0,
Polk,2020-04-01,,17.0,0.1,0.0,16832.0,0.0,361.0,361.0,361.0,361.0,336.0,
Polk,2020-04-02,,19.0,0.1,0.006,16832.0,1.0,362.0,362.0,362.0,362.0,337.0,
Polk,2020-04-03,,21.0,0.1,0.012,16832.0,2.0,363.0,363.0,363.0,363.0,338.0,
Polk,2020-04-04,,21.0,0.1,0.018000000000000002,16832.0,3.0,364.0,364.0,364.0,364.0,,
Pickett,2020-03-31,,7.0,0.1,0.0,5048.0,0.0,365.0,365.0,365.0,365.0,339.0,
Pickett,2020-04-01,,8.0,0.2,0.0,5048.0,0.0,366.0,366.0,366.0,366.0,340.0,
Pickett,2020-04-02,,12.0,0.2,0.0,5048.0,0.0,367.0,367.0,367.0,367.0,341.0,
Pickett,2020-04-03,,13.0,0.3,0.0,5048.0,0.0,368.0,368.0,368.0,368.0,342.0,
Pickett,2020-04-04,,13.0,0.3,0.0,5048.0,0.0,369.0,369.0,369.0,369.0,,
Perry,2020-03-22,0.0,,,,,1.0,370.0,370.0,370.0,370.0,343.0,47135.0
Perry,2020-03-23,0.0,,,,,1.0,371.0,371.0,371.0,371.0,344.0,47135.0
Perry,2020-03-24,0.0,,,,,1.0,372.0,372.0,372.0,372.0,345.0,47135.0
Perry,2020-03-25,0.0,,,,,1.0,373.0,373.0,373.0,373.0,346.0,47135.0
Perry,2020-03-26,0.0,,,,,1.0,374.0,374.0,374.0,374.0,347.0,47135.0
Perry,2020-03-27,0.0,,,,,2.0,375.0,375.0,375.0,375.0,348.0,47135.0
Perry,2020-03-28,,,,0.025,8076.0,2.0,376.0,376.0,376.0,376.0,349.0,
Perry,2020-03-29,,,,0.025,8076.0,2.0,377.0,377.0,377.0,377.0,350.0,
Perry,2020-03-30,,,,0.025,8076.0,2.0,378.0,378.0,378.0,378.0,351.0,
Perry,2020-03-31,,17.0,0.2,0.025,8076.0,2.0,379.0,379.0,379.0,379.0,352.0,
Perry,2020-04-01,,20.0,0.3,0.025,8076.0,2.0,380.0,380.0,380.0,380.0,353.0,
Perry,2020-04-02,,26.0,0.3,0.025,8076.0,2.0,381.0,381.0,381.0,381.0,354.0,
Perry,2020-04-03,,26.0,0.3,0.025,8076.0,2.0,382.0,382.0,382.0,382.0,355.0,
Perry,2020-04-04,,26.0,0.4,0.037000000000000005,8076.0,3.0,383.0,383.0,383.0,383.0,,
Overton,2020-03-24,0.0,,,,,1.0,384.0,384.0,384.0,384.0,356.0,47133.0
Overton,2020-03-25,0.0,,,,,1.0,385.0,385.0,385.0,385.0,357.0,47133.0
Overton,2020-03-26,0.0,,,,,1.0,386.0,386.0,386.0,386.0,358.0,47133.0
Overton,2020-03-27,0.0,,,,,1.0,387.0,387.0,387.0,387.0,359.0,47133.0
Overton,2020-03-28,,,,0.009000000000000001,22241.0,2.0,388.0,388.0,388.0,388.0,360.0,
Overton,2020-03-29,,,,0.009000000000000001,22241.0,2.0,389.0,389.0,389.0,389.0,361.0,
Overton,2020-03-30,,,,0.009000000000000001,22241.0,2.0,390.0,390.0,390.0,390.0,362.0,
Overton,2020-03-31,,61.0,0.3,0.009000000000000001,22241.0,2.0,391.0,391.0,391.0,391.0,363.0,
Overton,2020-04-01,,68.0,0.3,0.009000000000000001,22241.0,2.0,392.0,392.0,392.0,392.0,364.0,
Overton,2020-04-02,,82.0,0.4,0.009000000000000001,22241.0,2.0,393.0,393.0,393.0,393.0,365.0,
Overton,2020-04-03,,101.0,0.5,0.009000000000000001,22241.0,2.0,394.0,394.0,394.0,394.0,366.0,
Overton,2020-04-04,,106.0,0.5,0.009000000000000001,22241.0,2.0,395.0,395.0,395.0,395.0,,
Obion,2020-03-29,,,,0.003,30069.0,1.0,396.0,396.0,396.0,396.0,367.0,
Obion,2020-03-30,,,,0.003,30069.0,1.0,397.0,397.0,397.0,397.0,368.0,
Obion,2020-03-31,,59.0,0.2,0.003,30069.0,1.0,398.0,398.0,398.0,398.0,369.0,
Obion,2020-04-01,,64.0,0.2,0.006999999999999999,30069.0,2.0,399.0,399.0,399.0,399.0,370.0,
Obion,2020-04-02,1.0,72.0,0.2,0.006999999999999999,30069.0,2.0,400.0,400.0,400.0,400.0,371.0,
Obion,2020-04-03,1.0,75.0,0.3,0.006999999999999999,30069.0,2.0,401.0,401.0,401.0,401.0,372.0,
Obion,2020-04-04,1.0,77.0,0.3,0.006999999999999999,30069.0,2.0,402.0,402.0,402.0,402.0,,
Morgan,2020-03-28,,,,0.005,21403.0,1.0,403.0,403.0,403.0,403.0,373.0,
Morgan,2020-03-29,,,,0.005,21403.0,1.0,404.0,404.0,404.0,404.0,374.0,
Morgan,2020-03-30,,,,0.005,21403.0,1.0,405.0,405.0,405.0,405.0,375.0,
Morgan,2020-03-31,,23.0,0.1,0.005,21403.0,1.0,406.0,406.0,406.0,406.0,376.0,
Morgan,2020-04-01,,25.0,0.1,0.005,21403.0,1.0,407.0,407.0,407.0,407.0,377.0,
Morgan,2020-04-02,,29.0,0.1,0.005,21403.0,1.0,408.0,408.0,408.0,408.0,378.0,
Morgan,2020-04-03,,35.0,0.2,0.009000000000000001,21403.0,2.0,409.0,409.0,409.0,409.0,379.0,
Morgan,2020-04-04,,38.0,0.2,0.019,21403.0,4.0,410.0,410.0,410.0,410.0,,
Moore,2020-03-31,,14.0,0.2,0.0,6488.0,0.0,411.0,411.0,411.0,411.0,380.0,
Moore,2020-04-01,,14.0,0.2,0.0,6488.0,0.0,412.0,412.0,412.0,412.0,381.0,
Moore,2020-04-02,,15.0,0.2,0.0,6488.0,0.0,413.0,413.0,413.0,413.0,382.0,
Moore,2020-04-03,,16.0,0.2,0.0,6488.0,0.0,414.0,414.0,414.0,414.0,383.0,
Moore,2020-04-04,,16.0,0.2,0.0,6488.0,0.0,415.0,415.0,415.0,415.0,,
Montgomery,2020-03-19,0.0,,,,,1.0,416.0,416.0,416.0,416.0,384.0,47125.0
Montgomery,2020-03-20,0.0,,,,,3.0,417.0,417.0,417.0,417.0,385.0,47125.0
Montgomery,2020-03-21,0.0,,,,,3.0,418.0,418.0,418.0,418.0,386.0,47125.0
Montgomery,2020-03-22,0.0,,,,,3.0,419.0,419.0,419.0,419.0,387.0,47125.0
Montgomery,2020-03-23,0.0,,,,,3.0,420.0,420.0,420.0,420.0,388.0,47125.0
Montgomery,2020-03-24,0.0,,,,,6.0,421.0,421.0,421.0,421.0,389.0,47125.0
Montgomery,2020-03-25,0.0,,,,,6.0,422.0,422.0,422.0,422.0,390.0,47125.0
Montgomery,2020-03-26,0.0,,,,,6.0,423.0,423.0,423.0,423.0,391.0,47125.0
Montgomery,2020-03-27,0.0,,,,,9.0,424.0,424.0,424.0,424.0,392.0,47125.0
Montgomery,2020-03-28,,,,0.005,208993.0,11.0,425.0,425.0,425.0,425.0,393.0,
Montgomery,2020-03-29,,,,0.006,208993.0,13.0,426.0,426.0,426.0,426.0,394.0,
Montgomery,2020-03-30,,,,0.006,208993.0,13.0,427.0,427.0,427.0,427.0,395.0,
Montgomery,2020-03-31,,380.0,0.2,0.009000000000000001,208993.0,19.0,428.0,428.0,428.0,428.0,396.0,
Montgomery,2020-04-01,,403.0,0.2,0.013000000000000001,208993.0,27.0,429.0,429.0,429.0,429.0,397.0,
Montgomery,2020-04-02,,541.0,0.3,0.018000000000000002,208993.0,37.0,430.0,430.0,430.0,430.0,398.0,
Montgomery,2020-04-03,,584.0,0.3,0.02,208993.0,41.0,431.0,431.0,431.0,431.0,399.0,
Montgomery,2020-04-04,1.0,648.0,0.3,0.022,208993.0,46.0,432.0,432.0,432.0,432.0,,
Monroe,2020-03-21,0.0,,,,,3.0,433.0,433.0,433.0,433.0,400.0,47123.0
Monroe,2020-03-22,0.0,,,,,3.0,434.0,434.0,434.0,434.0,401.0,47123.0
Monroe,2020-03-23,0.0,,,,,3.0,435.0,435.0,435.0,435.0,402.0,47123.0
Monroe,2020-03-24,0.0,,,,,3.0,436.0,436.0,436.0,436.0,403.0,47123.0
Monroe,2020-03-25,0.0,,,,,3.0,437.0,437.0,437.0,437.0,404.0,47123.0
Monroe,2020-03-26,0.0,,,,,3.0,438.0,438.0,438.0,438.0,405.0,47123.0
Monroe,2020-03-27,0.0,,,,,3.0,439.0,439.0,439.0,439.0,406.0,47123.0
Monroe,2020-03-28,,,,0.006,46545.0,3.0,440.0,440.0,440.0,440.0,407.0,
Monroe,2020-03-29,,,,0.006,46545.0,3.0,441.0,441.0,441.0,441.0,408.0,
Monroe,2020-03-30,,,,0.006,46545.0,3.0,442.0,442.0,442.0,442.0,409.0,
Monroe,2020-03-31,,89.0,0.2,0.011000000000000001,46545.0,5.0,443.0,443.0,443.0,443.0,410.0,
Monroe,2020-04-01,,92.0,0.2,0.011000000000000001,46545.0,5.0,444.0,444.0,444.0,444.0,411.0,
Monroe,2020-04-02,,99.0,0.2,0.011000000000000001,46545.0,5.0,445.0,445.0,445.0,445.0,412.0,
Monroe,2020-04-03,,107.0,0.2,0.011000000000000001,46545.0,5.0,446.0,446.0,446.0,446.0,413.0,
Monroe,2020-04-04,,117.0,0.3,0.013,46545.0,6.0,447.0,447.0,447.0,447.0,,
Meigs,2020-03-26,0.0,,,,,1.0,448.0,448.0,448.0,448.0,414.0,47121.0
Meigs,2020-03-27,0.0,,,,,1.0,449.0,449.0,449.0,449.0,415.0,47121.0
Meigs,2020-03-28,,,,0.008,12422.0,1.0,450.0,450.0,450.0,450.0,416.0,
Meigs,2020-03-29,,,,0.008,12422.0,1.0,451.0,451.0,451.0,451.0,417.0,
Meigs,2020-03-30,,,,0.008,12422.0,1.0,452.0,452.0,452.0,452.0,418.0,
Meigs,2020-03-31,,24.0,0.2,0.008,12422.0,1.0,453.0,453.0,453.0,453.0,419.0,
Meigs,2020-04-01,,28.0,0.2,0.008,12422.0,1.0,454.0,454.0,454.0,454.0,420.0,
Meigs,2020-04-02,,43.0,0.4,0.016,12422.0,2.0,455.0,455.0,455.0,455.0,421.0,
Meigs,2020-04-03,,45.0,0.4,0.016,12422.0,2.0,456.0,456.0,456.0,456.0,422.0,
Meigs,2020-04-04,,48.0,0.4,0.016,12422.0,2.0,457.0,457.0,457.0,457.0,,
Mcnairy,2020-04-01,,,,,25694.0,,458.0,458.0,458.0,458.0,423.0,
Mcminn,2020-04-01,,,,,53794.0,,459.0,459.0,459.0,459.0,424.0,
Mcminn,,,,,,53794.0,,460.0,460.0,460.0,460.0,425.0,
McNairy,2020-03-29,0.0,,,,,1.0,461.0,461.0,461.0,461.0,426.0,47109.0
McNairy,2020-03-30,0.0,,,,,1.0,462.0,462.0,462.0,462.0,427.0,47109.0
McNairy,2020-03-31,0.0,,,,,1.0,463.0,463.0,463.0,463.0,428.0,47109.0
McNairy,2020-04-01,0.0,,,,,1.0,464.0,464.0,464.0,464.0,429.0,47109.0
McMinn,2020-03-22,0.0,,,,,1.0,465.0,465.0,465.0,465.0,430.0,47107.0
McMinn,2020-03-23,0.0,,,,,1.0,466.0,466.0,466.0,466.0,431.0,47107.0
McMinn,2020-03-24,0.0,,,,,2.0,467.0,467.0,467.0,467.0,432.0,47107.0
McMinn,2020-03-25,0.0,,,,,2.0,468.0,468.0,468.0,468.0,433.0,47107.0
McMinn,2020-03-26,0.0,,,,,3.0,469.0,469.0,469.0,469.0,434.0,47107.0
McMinn,2020-03-27,0.0,,,,,3.0,470.0,470.0,470.0,470.0,435.0,47107.0
McMinn,2020-03-28,0.0,,,,,3.0,471.0,471.0,471.0,471.0,436.0,47107.0
McMinn,2020-03-29,0.0,,,,,3.0,472.0,472.0,472.0,472.0,437.0,47107.0
McMinn,2020-03-30,0.0,,,,,3.0,473.0,473.0,473.0,473.0,438.0,47107.0
McMinn,2020-03-31,0.0,,,,,3.0,474.0,474.0,474.0,474.0,439.0,47107.0
McMinn,2020-04-01,0.0,,,,,3.0,475.0,475.0,475.0,475.0,440.0,47107.0
Maury,2020-03-20,0.0,,,,,1.0,476.0,476.0,476.0,476.0,441.0,47119.0
Maury,2020-03-21,0.0,,,,,1.0,477.0,477.0,477.0,477.0,442.0,47119.0
Maury,2020-03-22,0.0,,,,,2.0,478.0,478.0,478.0,478.0,443.0,47119.0
Maury,2020-03-23,0.0,,,,,2.0,479.0,479.0,479.0,479.0,444.0,47119.0
Maury,2020-03-24,0.0,,,,,6.0,480.0,480.0,480.0,480.0,445.0,47119.0
Maury,2020-03-25,0.0,,,,,7.0,481.0,481.0,481.0,481.0,446.0,47119.0
Maury,2020-03-26,0.0,,,,,7.0,482.0,482.0,482.0,482.0,447.0,47119.0
Maury,2020-03-27,0.0,,,,,7.0,483.0,483.0,483.0,483.0,448.0,47119.0
Maury,2020-03-28,,,,0.008,96387.0,8.0,484.0,484.0,484.0,484.0,449.0,
Maury,2020-03-29,,,,0.008,96387.0,8.0,485.0,485.0,485.0,485.0,450.0,
Maury,2020-03-30,,,,0.011000000000000001,96387.0,11.0,486.0,486.0,486.0,486.0,451.0,
Maury,2020-03-31,,374.0,0.4,0.016,96387.0,15.0,487.0,487.0,487.0,487.0,452.0,
Maury,2020-04-01,,391.0,0.4,0.018000000000000002,96387.0,17.0,488.0,488.0,488.0,488.0,453.0,
Maury,2020-04-02,,409.0,0.4,0.019,96387.0,18.0,489.0,489.0,489.0,489.0,454.0,
Maury,2020-04-03,,442.0,0.5,0.021,96387.0,20.0,490.0,490.0,490.0,490.0,455.0,
Maury,2020-04-04,,467.0,0.5,0.022,96387.0,21.0,491.0,491.0,491.0,491.0,,
Marshall,2020-03-30,,,,0.003,34375.0,1.0,492.0,492.0,492.0,492.0,456.0,
Marshall,2020-03-31,,99.0,0.3,0.003,34375.0,1.0,493.0,493.0,493.0,493.0,457.0,
Marshall,2020-04-01,,104.0,0.3,0.003,34375.0,1.0,494.0,494.0,494.0,494.0,458.0,
Marshall,2020-04-02,,119.0,0.4,0.006,34375.0,2.0,495.0,495.0,495.0,495.0,459.0,
Marshall,2020-04-03,,126.0,0.4,0.012,34375.0,4.0,496.0,496.0,496.0,496.0,460.0,
Marshall,2020-04-04,,133.0,0.4,0.012,34375.0,4.0,497.0,497.0,497.0,497.0,,
Marion,2020-03-22,0.0,,,,,1.0,498.0,498.0,498.0,498.0,461.0,47115.0
Marion,2020-03-23,0.0,,,,,1.0,499.0,499.0,499.0,499.0,462.0,47115.0
Marion,2020-03-24,0.0,,,,,1.0,500.0,500.0,500.0,500.0,463.0,47115.0
Marion,2020-03-25,0.0,,,,,1.0,501.0,501.0,501.0,501.0,464.0,47115.0
Marion,2020-03-26,0.0,,,,,2.0,502.0,502.0,502.0,502.0,465.0,47115.0
Marion,2020-03-27,0.0,,,,,2.0,503.0,503.0,503.0,503.0,466.0,47115.0
Marion,2020-03-28,,,,0.013999999999999999,28907.0,4.0,504.0,504.0,504.0,504.0,467.0,
Marion,2020-03-29,,,,0.017,28907.0,5.0,505.0,505.0,505.0,505.0,468.0,
Marion,2020-03-30,,,,0.021,28907.0,6.0,506.0,506.0,506.0,506.0,469.0,
Marion,2020-03-31,,35.0,0.1,0.017,28907.0,5.0,507.0,507.0,507.0,507.0,470.0,
Marion,2020-04-01,1.0,37.0,0.2,0.027999999999999997,28907.0,8.0,508.0,508.0,508.0,508.0,471.0,
Marion,2020-04-02,1.0,48.0,0.2,0.045,28907.0,13.0,509.0,509.0,509.0,509.0,472.0,
Marion,2020-04-03,1.0,51.0,0.2,0.048,28907.0,14.0,510.0,510.0,510.0,510.0,473.0,
Marion,2020-04-04,1.0,62.0,0.3,0.055,28907.0,16.0,511.0,511.0,511.0,511.0,,
Madison,2020-03-24,0.0,,,,,1.0,512.0,512.0,512.0,512.0,474.0,47113.0
Madison,2020-03-25,0.0,,,,,2.0,513.0,513.0,513.0,513.0,475.0,47113.0
Madison,2020-03-26,0.0,,,,,2.0,514.0,514.0,514.0,514.0,476.0,47113.0
Madison,2020-03-27,0.0,,,,,3.0,515.0,515.0,515.0,515.0,477.0,47113.0
Madison,2020-03-28,,,,0.003,97984.0,3.0,516.0,516.0,516.0,516.0,478.0,
Madison,2020-03-29,,,,0.003,97984.0,3.0,517.0,517.0,517.0,517.0,479.0,
Madison,2020-03-30,,,,0.005,97984.0,5.0,518.0,518.0,518.0,518.0,480.0,
Madison,2020-03-31,,131.0,0.1,0.005,97984.0,5.0,519.0,519.0,519.0,519.0,481.0,
Madison,2020-04-01,,143.0,0.2,0.006999999999999999,97984.0,7.0,520.0,520.0,520.0,520.0,482.0,
Madison,2020-04-02,,212.0,0.2,0.013000000000000001,97984.0,13.0,521.0,521.0,521.0,521.0,483.0,
Madison,2020-04-03,,227.0,0.2,0.017,97984.0,17.0,522.0,522.0,522.0,522.0,484.0,
Madison,2020-04-04,,251.0,0.3,0.019,97984.0,19.0,523.0,523.0,523.0,523.0,,
Macon,2020-03-26,0.0,,,,,1.0,524.0,524.0,524.0,524.0,485.0,47111.0
Macon,2020-03-27,0.0,,,,,1.0,525.0,525.0,525.0,525.0,486.0,47111.0
Macon,2020-03-28,,,,0.008,24602.0,2.0,526.0,526.0,526.0,526.0,487.0,
Macon,2020-03-29,,,,0.012,24602.0,3.0,527.0,527.0,527.0,527.0,488.0,
Macon,2020-03-30,,,,0.012,24602.0,3.0,528.0,528.0,528.0,528.0,489.0,
Macon,2020-03-31,,57.0,0.2,0.016,24602.0,4.0,529.0,529.0,529.0,529.0,490.0,
Macon,2020-04-01,,66.0,0.3,0.016,24602.0,4.0,530.0,530.0,530.0,530.0,491.0,
Macon,2020-04-02,,96.0,0.4,0.02,24602.0,5.0,531.0,531.0,531.0,531.0,492.0,
Macon,2020-04-03,,145.0,0.6,0.027999999999999997,24602.0,7.0,532.0,532.0,532.0,532.0,493.0,
Macon,2020-04-04,,156.0,0.7,0.028,24602.0,7.0,533.0,533.0,533.0,533.0,,
Loudon,2020-03-22,0.0,,,,,1.0,534.0,534.0,534.0,534.0,494.0,47105.0
Loudon,2020-03-23,0.0,,,,,1.0,535.0,535.0,535.0,535.0,495.0,47105.0
Loudon,2020-03-24,0.0,,,,,2.0,536.0,536.0,536.0,536.0,496.0,47105.0
Loudon,2020-03-25,0.0,,,,,3.0,537.0,537.0,537.0,537.0,497.0,47105.0
Loudon,2020-03-26,0.0,,,,,6.0,538.0,538.0,538.0,538.0,498.0,47105.0
Loudon,2020-03-27,0.0,,,,,6.0,539.0,539.0,539.0,539.0,499.0,47105.0
Loudon,2020-03-28,,,,0.011000000000000001,54068.0,6.0,540.0,540.0,540.0,540.0,500.0,
Loudon,2020-03-29,,,,0.015,54068.0,8.0,541.0,541.0,541.0,541.0,501.0,
Loudon,2020-03-30,,,,0.015,54068.0,8.0,542.0,542.0,542.0,542.0,502.0,
Loudon,2020-03-31,,82.0,0.2,0.015,54068.0,8.0,543.0,543.0,543.0,543.0,503.0,
Loudon,2020-04-01,,88.0,0.2,0.015,54068.0,8.0,544.0,544.0,544.0,544.0,504.0,
Loudon,2020-04-02,,119.0,0.2,0.017,54068.0,9.0,545.0,545.0,545.0,545.0,505.0,
Loudon,2020-04-03,,134.0,0.3,0.022000000000000002,54068.0,12.0,546.0,546.0,546.0,546.0,506.0,
Loudon,2020-04-04,,144.0,0.3,0.024,54068.0,13.0,547.0,547.0,547.0,547.0,,
Lincoln,2020-03-24,0.0,,,,,1.0,548.0,548.0,548.0,548.0,507.0,47103.0
Lincoln,2020-03-25,0.0,,,,,1.0,549.0,549.0,549.0,549.0,508.0,47103.0
Lincoln,2020-03-26,0.0,,,,,1.0,550.0,550.0,550.0,550.0,509.0,47103.0
Lincoln,2020-03-27,0.0,,,,,1.0,551.0,551.0,551.0,551.0,510.0,47103.0
Lincoln,2020-03-28,,,,0.003,34366.0,1.0,552.0,552.0,552.0,552.0,511.0,
Lincoln,2020-03-29,,,,0.003,34366.0,1.0,553.0,553.0,553.0,553.0,512.0,
Lincoln,2020-03-30,,,,0.003,34366.0,1.0,554.0,554.0,554.0,554.0,513.0,
Lincoln,2020-03-31,,45.0,0.1,0.003,34366.0,1.0,555.0,555.0,555.0,555.0,514.0,
Lincoln,2020-04-01,,46.0,0.1,0.006,34366.0,2.0,556.0,556.0,556.0,556.0,515.0,
Lincoln,2020-04-02,,54.0,0.2,0.006,34366.0,2.0,557.0,557.0,557.0,557.0,516.0,
Lincoln,2020-04-03,,55.0,0.2,0.012,34366.0,4.0,558.0,558.0,558.0,558.0,517.0,
Lincoln,2020-04-04,,64.0,0.2,0.015,34366.0,5.0,559.0,559.0,559.0,559.0,,
Lewis,2020-03-25,0.0,,,,,1.0,560.0,560.0,560.0,560.0,518.0,47101.0
Lewis,2020-03-26,0.0,,,,,2.0,561.0,561.0,561.0,561.0,519.0,47101.0
Lewis,2020-03-27,0.0,,,,,2.0,562.0,562.0,562.0,562.0,520.0,47101.0
Lewis,2020-03-28,,,,0.016,12268.0,2.0,563.0,563.0,563.0,563.0,521.0,
Lewis,2020-03-29,,,,0.016,12268.0,2.0,564.0,564.0,564.0,564.0,522.0,
Lewis,2020-03-30,,,,0.016,12268.0,2.0,565.0,565.0,565.0,565.0,523.0,
Lewis,2020-03-31,,16.0,0.1,0.016,12268.0,2.0,566.0,566.0,566.0,566.0,524.0,
Lewis,2020-04-01,,16.0,0.1,0.016,12268.0,2.0,567.0,567.0,567.0,567.0,525.0,
Lewis,2020-04-02,,18.0,0.2,0.016,12268.0,2.0,568.0,568.0,568.0,568.0,526.0,
Lewis,2020-04-03,,21.0,0.2,0.016,12268.0,2.0,569.0,569.0,569.0,569.0,527.0,
Lewis,2020-04-04,,21.0,0.2,0.016,12268.0,2.0,570.0,570.0,570.0,570.0,,
Lawrence,2020-03-30,,,,0.005,44142.0,2.0,571.0,571.0,571.0,571.0,528.0,
Lawrence,2020-03-31,,97.0,0.2,0.005,44142.0,2.0,572.0,572.0,572.0,572.0,529.0,
Lawrence,2020-04-01,,104.0,0.2,0.005,44142.0,2.0,573.0,573.0,573.0,573.0,530.0,
Lawrence,2020-04-02,,129.0,0.3,0.005,44142.0,2.0,574.0,574.0,574.0,574.0,531.0,
Lawrence,2020-04-03,,140.0,0.3,0.006999999999999999,44142.0,3.0,575.0,575.0,575.0,575.0,532.0,
Lawrence,2020-04-04,,152.0,0.4,0.006999999999999999,44142.0,3.0,576.0,576.0,576.0,576.0,,
Lauderdale,2020-03-31,,28.0,0.1,0.0,25633.0,0.0,577.0,577.0,577.0,577.0,533.0,
Lauderdale,2020-04-01,,30.0,0.1,0.004,25633.0,1.0,578.0,578.0,578.0,578.0,534.0,
Lauderdale,2020-04-02,,43.0,0.2,0.008,25633.0,2.0,579.0,579.0,579.0,579.0,535.0,
Lauderdale,2020-04-03,,45.0,0.2,0.008,25633.0,2.0,580.0,580.0,580.0,580.0,536.0,
Lauderdale,2020-04-04,,61.0,0.2,0.008,25633.0,2.0,581.0,581.0,581.0,581.0,,
Lake,2020-03-31,,10.0,0.1,0.0,7016.0,0.0,582.0,582.0,582.0,582.0,537.0,
Lake,2020-04-01,,12.0,0.2,0.0,7016.0,0.0,583.0,583.0,583.0,583.0,538.0,
Lake,2020-04-02,,16.0,0.2,0.0,7016.0,0.0,584.0,584.0,584.0,584.0,539.0,
Lake,2020-04-03,,16.0,0.2,0.0,7016.0,0.0,585.0,585.0,585.0,585.0,540.0,
Lake,2020-04-04,,18.0,0.3,0.0,7016.0,0.0,586.0,586.0,586.0,586.0,,
Knox,2020-03-12,0.0,,,,,1.0,587.0,587.0,587.0,587.0,541.0,47093.0
Knox,2020-03-13,0.0,,,,,1.0,588.0,588.0,588.0,588.0,542.0,47093.0
Knox,2020-03-14,0.0,,,,,1.0,589.0,589.0,589.0,589.0,543.0,47093.0
Knox,2020-03-15,0.0,,,,,1.0,590.0,590.0,590.0,590.0,544.0,47093.0
Knox,2020-03-16,0.0,,,,,1.0,591.0,591.0,591.0,591.0,545.0,47093.0
Knox,2020-03-17,0.0,,,,,2.0,592.0,592.0,592.0,592.0,546.0,47093.0
Knox,2020-03-18,0.0,,,,,2.0,593.0,593.0,593.0,593.0,547.0,47093.0
Knox,2020-03-19,0.0,,,,,2.0,594.0,594.0,594.0,594.0,548.0,47093.0
Knox,2020-03-20,0.0,,,,,3.0,595.0,595.0,595.0,595.0,549.0,47093.0
Knox,2020-03-21,0.0,,,,,4.0,596.0,596.0,596.0,596.0,550.0,47093.0
Knox,2020-03-22,0.0,,,,,5.0,597.0,597.0,597.0,597.0,551.0,47093.0
Knox,2020-03-23,0.0,,,,,5.0,598.0,598.0,598.0,598.0,552.0,47093.0
Knox,2020-03-24,0.0,,,,,15.0,599.0,599.0,599.0,599.0,553.0,47093.0
Knox,2020-03-25,0.0,,,,,20.0,600.0,600.0,600.0,600.0,554.0,47093.0
Knox,2020-03-26,0.0,,,,,26.0,601.0,601.0,601.0,601.0,555.0,47093.0
Knox,2020-03-27,0.0,,,,,31.0,602.0,602.0,602.0,602.0,556.0,47093.0
Knox,2020-03-28,,,,0.006999999999999999,470313.0,33.0,603.0,603.0,603.0,603.0,557.0,
Knox,2020-03-29,,,,0.008,470313.0,38.0,604.0,604.0,604.0,604.0,558.0,
Knox,2020-03-30,,,,0.011000000000000001,470313.0,52.0,605.0,605.0,605.0,605.0,559.0,
Knox,2020-03-31,,637.0,0.1,0.013999999999999999,470313.0,66.0,606.0,606.0,606.0,606.0,560.0,
Knox,2020-04-01,1.0,673.0,0.2,0.017,470313.0,78.0,607.0,607.0,607.0,607.0,561.0,
Knox,2020-04-02,1.0,885.0,0.2,0.02,470313.0,92.0,608.0,608.0,608.0,608.0,562.0,
Knox,2020-04-03,1.0,966.0,0.2,0.021,470313.0,98.0,609.0,609.0,609.0,609.0,563.0,
Knox,2020-04-04,1.0,1070.0,0.2,0.021,470313.0,99.0,610.0,610.0,610.0,610.0,,
Johnson,2020-03-28,,,,0.006,17788.0,1.0,611.0,611.0,611.0,611.0,564.0,
Johnson,2020-03-29,,,,0.011000000000000001,17788.0,2.0,612.0,612.0,612.0,612.0,565.0,
Johnson,2020-03-30,,,,0.011000000000000001,17788.0,2.0,613.0,613.0,613.0,613.0,566.0,
Johnson,2020-03-31,,5.0,0.0,0.011000000000000001,17788.0,2.0,614.0,614.0,614.0,614.0,567.0,
Johnson,2020-04-01,,5.0,0.0,0.011000000000000001,17788.0,2.0,615.0,615.0,615.0,615.0,568.0,
Johnson,2020-04-02,,7.0,0.1,0.011000000000000001,17788.0,2.0,616.0,616.0,616.0,616.0,569.0,
Johnson,2020-04-03,,10.0,0.1,0.011000000000000001,17788.0,2.0,617.0,617.0,617.0,617.0,570.0,
Johnson,2020-04-04,,10.0,0.1,0.011,17788.0,2.0,618.0,618.0,618.0,618.0,,
Jefferson,2020-03-13,0.0,,,,,1.0,619.0,619.0,619.0,619.0,571.0,47089.0
Jefferson,2020-03-14,0.0,,,,,1.0,620.0,620.0,620.0,620.0,572.0,47089.0
Jefferson,2020-03-15,0.0,,,,,1.0,621.0,621.0,621.0,621.0,573.0,47089.0
Jefferson,2020-03-16,0.0,,,,,1.0,622.0,622.0,622.0,622.0,574.0,47089.0
Jefferson,2020-03-17,0.0,,,,,1.0,623.0,623.0,623.0,623.0,575.0,47089.0
Jefferson,2020-03-18,0.0,,,,,1.0,624.0,624.0,624.0,624.0,576.0,47089.0
Jefferson,2020-03-19,0.0,,,,,1.0,625.0,625.0,625.0,625.0,577.0,47089.0
Jefferson,2020-03-20,0.0,,,,,1.0,626.0,626.0,626.0,626.0,578.0,47089.0
Jefferson,2020-03-21,0.0,,,,,1.0,627.0,627.0,627.0,627.0,579.0,47089.0
Jefferson,2020-03-22,0.0,,,,,2.0,628.0,628.0,628.0,628.0,580.0,47089.0
Jefferson,2020-03-23,0.0,,,,,2.0,629.0,629.0,629.0,629.0,581.0,47089.0
Jefferson,2020-03-24,0.0,,,,,4.0,630.0,630.0,630.0,630.0,582.0,47089.0
Jefferson,2020-03-25,0.0,,,,,4.0,631.0,631.0,631.0,631.0,583.0,47089.0
Jefferson,2020-03-26,0.0,,,,,4.0,632.0,632.0,632.0,632.0,584.0,47089.0
Jefferson,2020-03-27,0.0,,,,,5.0,633.0,633.0,633.0,633.0,585.0,47089.0
Jefferson,2020-03-28,,,,0.009000000000000001,54495.0,5.0,634.0,634.0,634.0,634.0,586.0,
Jefferson,2020-03-29,,,,0.009000000000000001,54495.0,5.0,635.0,635.0,635.0,635.0,587.0,
Jefferson,2020-03-30,,,,0.009000000000000001,54495.0,5.0,636.0,636.0,636.0,636.0,588.0,
Jefferson,2020-03-31,,69.0,0.1,0.011000000000000001,54495.0,6.0,637.0,637.0,637.0,637.0,589.0,
Jefferson,2020-04-01,,73.0,0.1,0.011000000000000001,54495.0,6.0,638.0,638.0,638.0,638.0,590.0,
Jefferson,2020-04-02,,87.0,0.2,0.011000000000000001,54495.0,6.0,639.0,639.0,639.0,639.0,591.0,
Jefferson,2020-04-03,,99.0,0.2,0.011000000000000001,54495.0,6.0,640.0,640.0,640.0,640.0,592.0,
Jefferson,2020-04-04,,108.0,0.2,0.011,54495.0,6.0,641.0,641.0,641.0,641.0,,
Jackson,2020-03-31,,25.0,0.2,0.0,11786.0,0.0,642.0,642.0,642.0,642.0,593.0,
Jackson,2020-04-01,,27.0,0.2,0.0,11786.0,0.0,643.0,643.0,643.0,643.0,594.0,
Jackson,2020-04-02,,29.0,0.3,0.017,11786.0,2.0,644.0,644.0,644.0,644.0,595.0,
Jackson,2020-04-03,,42.0,0.4,0.025,11786.0,3.0,645.0,645.0,645.0,645.0,596.0,
Jackson,2020-04-04,,43.0,0.4,0.025,11786.0,3.0,646.0,646.0,646.0,646.0,,
Humphreys,2020-03-31,,31.0,0.2,0.011000000000000001,18582.0,2.0,647.0,647.0,647.0,647.0,597.0,
Humphreys,2020-04-01,,31.0,0.2,0.011000000000000001,18582.0,2.0,648.0,648.0,648.0,648.0,598.0,
Humphreys,2020-04-02,,39.0,0.2,0.011000000000000001,18582.0,2.0,649.0,649.0,649.0,649.0,599.0,
Humphreys,2020-04-03,,47.0,0.3,0.016,18582.0,3.0,650.0,650.0,650.0,650.0,600.0,
Humphreys,2020-04-04,,56.0,0.3,0.016,18582.0,3.0,651.0,651.0,651.0,651.0,,
Houston,2020-03-22,0.0,,,,,1.0,652.0,652.0,652.0,652.0,601.0,47083.0
Houston,2020-03-23,0.0,,,,,1.0,653.0,653.0,653.0,653.0,602.0,47083.0
Houston,2020-03-24,0.0,,,,,1.0,654.0,654.0,654.0,654.0,603.0,47083.0
Houston,2020-03-25,0.0,,,,,3.0,655.0,655.0,655.0,655.0,604.0,47083.0
Houston,2020-03-26,0.0,,,,,2.0,656.0,656.0,656.0,656.0,605.0,47083.0
Houston,2020-03-27,0.0,,,,,2.0,657.0,657.0,657.0,657.0,606.0,47083.0
Houston,2020-03-28,,,,0.024,8201.0,2.0,658.0,658.0,658.0,658.0,607.0,
Houston,2020-03-29,,,,0.024,8201.0,2.0,659.0,659.0,659.0,659.0,608.0,
Houston,2020-03-30,,,,0.012,8201.0,1.0,660.0,660.0,660.0,660.0,609.0,
Houston,2020-03-31,,70.0,0.9,0.012,8201.0,1.0,661.0,661.0,661.0,661.0,610.0,
Houston,2020-04-01,,70.0,0.9,0.012,8201.0,1.0,662.0,662.0,662.0,662.0,611.0,
Houston,2020-04-02,,77.0,1.0,0.012,8201.0,1.0,663.0,663.0,663.0,663.0,612.0,
Houston,2020-04-03,,83.0,1.0,0.012,8201.0,1.0,664.0,664.0,664.0,664.0,613.0,
Houston,2020-04-04,,84.0,1.0,0.024,8201.0,2.0,665.0,665.0,665.0,665.0,,
Hickman,2020-03-31,,53.0,0.2,0.0,25178.0,0.0,666.0,666.0,666.0,666.0,614.0,
Hickman,2020-04-01,,58.0,0.2,0.004,25178.0,1.0,667.0,667.0,667.0,667.0,615.0,
Hickman,2020-04-02,,67.0,0.3,0.004,25178.0,1.0,668.0,668.0,668.0,668.0,616.0,
Hickman,2020-04-03,,73.0,0.3,0.004,25178.0,1.0,669.0,669.0,669.0,669.0,617.0,
Hickman,2020-04-04,,78.0,0.3,0.004,25178.0,1.0,670.0,670.0,670.0,670.0,,
Henry,2020-03-29,,,,0.003,32345.0,1.0,671.0,671.0,671.0,671.0,618.0,
Henry,2020-03-30,,,,0.003,32345.0,1.0,672.0,672.0,672.0,672.0,619.0,
Henry,2020-03-31,,59.0,0.2,0.003,32345.0,1.0,673.0,673.0,673.0,673.0,620.0,
Henry,2020-04-01,,62.0,0.2,0.003,32345.0,1.0,674.0,674.0,674.0,674.0,621.0,
Henry,2020-04-02,,79.0,0.3,0.012,32345.0,4.0,675.0,675.0,675.0,675.0,622.0,
Henry,2020-04-03,,89.0,0.3,0.012,32345.0,4.0,676.0,676.0,676.0,676.0,623.0,
Henry,2020-04-04,,94.0,0.3,0.012,32345.0,4.0,677.0,677.0,677.0,677.0,,
Henderson,2020-03-31,,68.0,0.2,0.0,28117.0,0.0,678.0,678.0,678.0,678.0,624.0,
Henderson,2020-04-01,,75.0,0.3,0.0,28117.0,0.0,679.0,679.0,679.0,679.0,625.0,
Henderson,2020-04-02,,86.0,0.3,0.0,28117.0,0.0,680.0,680.0,680.0,680.0,626.0,
Henderson,2020-04-03,,90.0,0.3,0.0,28117.0,0.0,681.0,681.0,681.0,681.0,627.0,
Henderson,2020-04-04,,98.0,0.3,0.0,28117.0,0.0,682.0,682.0,682.0,682.0,,
Haywood,2020-03-29,,,,0.012,17304.0,2.0,683.0,683.0,683.0,683.0,628.0,
Haywood,2020-03-30,,,,0.012,17304.0,2.0,684.0,684.0,684.0,684.0,629.0,
Haywood,2020-03-31,,27.0,0.2,0.012,17304.0,2.0,685.0,685.0,685.0,685.0,630.0,
Haywood,2020-04-01,,27.0,0.2,0.012,17304.0,2.0,686.0,686.0,686.0,686.0,631.0,
Haywood,2020-04-02,,41.0,0.2,0.012,17304.0,2.0,687.0,687.0,687.0,687.0,632.0,
Haywood,2020-04-03,,45.0,0.3,0.012,17304.0,2.0,688.0,688.0,688.0,688.0,633.0,
Haywood,2020-04-04,,47.0,0.3,0.012,17304.0,2.0,689.0,689.0,689.0,689.0,,
Hawkins,2020-03-25,0.0,,,,,1.0,690.0,690.0,690.0,690.0,634.0,47073.0
Hawkins,2020-03-26,0.0,,,,,1.0,691.0,691.0,691.0,691.0,635.0,47073.0
Hawkins,2020-03-27,0.0,,,,,2.0,692.0,692.0,692.0,692.0,636.0,47073.0
Hawkins,2020-03-28,,,,0.004,56786.0,2.0,693.0,693.0,693.0,693.0,637.0,
Hawkins,2020-03-29,,,,0.004,56786.0,2.0,694.0,694.0,694.0,694.0,638.0,
Hawkins,2020-03-30,,,,0.006999999999999999,56786.0,4.0,695.0,695.0,695.0,695.0,639.0,
Hawkins,2020-03-31,,50.0,0.1,0.006999999999999999,56786.0,4.0,696.0,696.0,696.0,696.0,640.0,
Hawkins,2020-04-01,,51.0,0.1,0.009000000000000001,56786.0,5.0,697.0,697.0,697.0,697.0,641.0,
Hawkins,2020-04-02,,71.0,0.1,0.012,56786.0,7.0,698.0,698.0,698.0,698.0,642.0,
Hawkins,2020-04-03,1.0,72.0,0.1,0.013999999999999999,56786.0,8.0,699.0,699.0,699.0,699.0,643.0,
Hawkins,2020-04-04,1.0,73.0,0.1,0.016,56786.0,9.0,700.0,700.0,700.0,700.0,,
Hardin,2020-03-24,0.0,,,,,1.0,701.0,701.0,701.0,701.0,644.0,47071.0
Hardin,2020-03-25,0.0,,,,,1.0,702.0,702.0,702.0,702.0,645.0,47071.0
Hardin,2020-03-26,0.0,,,,,1.0,703.0,703.0,703.0,703.0,646.0,47071.0
Hardin,2020-03-27,0.0,,,,,1.0,704.0,704.0,704.0,704.0,647.0,47071.0
Hardin,2020-03-28,,,,0.004,25652.0,1.0,705.0,705.0,705.0,705.0,648.0,
Hardin,2020-03-29,,,,0.004,25652.0,1.0,706.0,706.0,706.0,706.0,649.0,
Hardin,2020-03-30,,,,0.004,25652.0,1.0,707.0,707.0,707.0,707.0,650.0,
Hardin,2020-03-31,,84.0,0.3,0.004,25652.0,1.0,708.0,708.0,708.0,708.0,651.0,
Hardin,2020-04-01,,87.0,0.3,0.008,25652.0,2.0,709.0,709.0,709.0,709.0,652.0,
Hardin,2020-04-02,,115.0,0.5,0.008,25652.0,2.0,710.0,710.0,710.0,710.0,653.0,
Hardin,2020-04-03,,120.0,0.5,0.008,25652.0,2.0,711.0,711.0,711.0,711.0,654.0,
Hardin,2020-04-04,,145.0,0.6,0.008,25652.0,2.0,712.0,712.0,712.0,712.0,,
Hardeman,2020-03-28,,,,0.004,25050.0,1.0,713.0,713.0,713.0,713.0,655.0,
Hardeman,2020-03-29,,,,0.004,25050.0,1.0,714.0,714.0,714.0,714.0,656.0,
Hardeman,2020-03-30,,,,0.004,25050.0,1.0,715.0,715.0,715.0,715.0,657.0,
Hardeman,2020-03-31,,35.0,0.1,0.004,25050.0,1.0,716.0,716.0,716.0,716.0,658.0,
Hardeman,2020-04-01,,36.0,0.2,0.016,25050.0,4.0,717.0,717.0,717.0,717.0,659.0,
Hardeman,2020-04-02,,55.0,0.2,0.016,25050.0,4.0,718.0,718.0,718.0,718.0,660.0,
Hardeman,2020-04-03,,58.0,0.3,0.02,25050.0,5.0,719.0,719.0,719.0,719.0,661.0,
Hardeman,2020-04-04,,84.0,0.4,0.024,25050.0,6.0,720.0,720.0,720.0,720.0,,
Hancock,2020-03-31,,4.0,0.1,0.0,6620.0,0.0,721.0,721.0,721.0,721.0,662.0,
Hancock,2020-04-01,,5.0,0.1,0.0,6620.0,0.0,722.0,722.0,722.0,722.0,663.0,
Hancock,2020-04-02,,6.0,0.1,0.0,6620.0,0.0,723.0,723.0,723.0,723.0,664.0,
Hancock,2020-04-03,,7.0,0.1,0.0,6620.0,0.0,724.0,724.0,724.0,724.0,665.0,
Hancock,2020-04-04,,9.0,0.1,0.0,6620.0,0.0,725.0,725.0,725.0,725.0,,
Hamilton,2020-03-13,0.0,,,,,1.0,726.0,726.0,726.0,726.0,666.0,47065.0
Hamilton,2020-03-14,0.0,,,,,1.0,727.0,727.0,727.0,727.0,667.0,47065.0
Hamilton,2020-03-15,0.0,,,,,1.0,728.0,728.0,728.0,728.0,668.0,47065.0
Hamilton,2020-03-16,0.0,,,,,1.0,729.0,729.0,729.0,729.0,669.0,47065.0
Hamilton,2020-03-17,0.0,,,,,1.0,730.0,730.0,730.0,730.0,670.0,47065.0
Hamilton,2020-03-18,0.0,,,,,1.0,731.0,731.0,731.0,731.0,671.0,47065.0
Hamilton,2020-03-19,0.0,,,,,1.0,732.0,732.0,732.0,732.0,672.0,47065.0
Hamilton,2020-03-20,0.0,,,,,5.0,733.0,733.0,733.0,733.0,673.0,47065.0
Hamilton,2020-03-21,0.0,,,,,7.0,734.0,734.0,734.0,734.0,674.0,47065.0
Hamilton,2020-03-22,0.0,,,,,8.0,735.0,735.0,735.0,735.0,675.0,47065.0
Hamilton,2020-03-23,0.0,,,,,8.0,736.0,736.0,736.0,736.0,676.0,47065.0
Hamilton,2020-03-24,0.0,,,,,8.0,737.0,737.0,737.0,737.0,677.0,47065.0
Hamilton,2020-03-25,0.0,,,,,15.0,738.0,738.0,738.0,738.0,678.0,47065.0
Hamilton,2020-03-26,0.0,,,,,28.0,739.0,739.0,739.0,739.0,679.0,47065.0
Hamilton,2020-03-27,0.0,,,,,30.0,740.0,740.0,740.0,740.0,680.0,47065.0
Hamilton,2020-03-28,,,,0.01,367804.0,35.0,741.0,741.0,741.0,741.0,681.0,
Hamilton,2020-03-29,,,,0.01,367804.0,35.0,742.0,742.0,742.0,742.0,682.0,
Hamilton,2020-03-30,,,,0.011000000000000001,367804.0,40.0,743.0,743.0,743.0,743.0,683.0,
Hamilton,2020-03-31,,519.0,0.2,0.013000000000000001,367804.0,48.0,744.0,744.0,744.0,744.0,684.0,
Hamilton,2020-04-01,2.0,533.0,0.2,0.013999999999999999,367804.0,50.0,745.0,745.0,745.0,745.0,685.0,
Hamilton,2020-04-02,3.0,671.0,0.2,0.017,367804.0,61.0,746.0,746.0,746.0,746.0,686.0,
Hamilton,2020-04-03,3.0,718.0,0.2,0.018000000000000002,367804.0,67.0,747.0,747.0,747.0,747.0,687.0,
Hamilton,2020-04-04,4.0,804.0,0.2,0.019,367804.0,70.0,748.0,748.0,748.0,748.0,,
Hamblen,2020-03-20,0.0,,,,,1.0,749.0,749.0,749.0,749.0,688.0,47063.0
Hamblen,2020-03-21,0.0,,,,,2.0,750.0,750.0,750.0,750.0,689.0,47063.0
Hamblen,2020-03-22,0.0,,,,,2.0,751.0,751.0,751.0,751.0,690.0,47063.0
Hamblen,2020-03-23,0.0,,,,,2.0,752.0,752.0,752.0,752.0,691.0,47063.0
Hamblen,2020-03-24,0.0,,,,,2.0,753.0,753.0,753.0,753.0,692.0,47063.0
Hamblen,2020-03-25,0.0,,,,,2.0,754.0,754.0,754.0,754.0,693.0,47063.0
Hamblen,2020-03-26,0.0,,,,,2.0,755.0,755.0,755.0,755.0,694.0,47063.0
Hamblen,2020-03-27,0.0,,,,,2.0,756.0,756.0,756.0,756.0,695.0,47063.0
Hamblen,2020-03-28,,,,0.003,64934.0,2.0,757.0,757.0,757.0,757.0,696.0,
Hamblen,2020-03-29,,,,0.003,64934.0,2.0,758.0,758.0,758.0,758.0,697.0,
Hamblen,2020-03-30,,,,0.003,64934.0,2.0,759.0,759.0,759.0,759.0,698.0,
Hamblen,2020-03-31,,65.0,0.1,0.003,64934.0,2.0,760.0,760.0,760.0,760.0,699.0,
Hamblen,2020-04-01,,67.0,0.1,0.005,64934.0,3.0,761.0,761.0,761.0,761.0,700.0,
Hamblen,2020-04-02,,90.0,0.1,0.005,64934.0,3.0,762.0,762.0,762.0,762.0,701.0,
Hamblen,2020-04-03,,95.0,0.2,0.005,64934.0,3.0,763.0,763.0,763.0,763.0,702.0,
Hamblen,2020-04-04,,107.0,0.2,0.006,64934.0,4.0,764.0,764.0,764.0,764.0,,
Grundy,2020-03-24,0.0,,,,,1.0,765.0,765.0,765.0,765.0,703.0,47061.0
Grundy,2020-03-25,0.0,,,,,1.0,766.0,766.0,766.0,766.0,704.0,47061.0
Grundy,2020-03-26,0.0,,,,,1.0,767.0,767.0,767.0,767.0,705.0,47061.0
Grundy,2020-03-27,0.0,,,,,1.0,768.0,768.0,768.0,768.0,706.0,47061.0
Grundy,2020-03-28,,,,0.015,13427.0,2.0,769.0,769.0,769.0,769.0,707.0,
Grundy,2020-03-29,,,,0.015,13427.0,2.0,770.0,770.0,770.0,770.0,708.0,
Grundy,2020-03-30,,,,0.015,13427.0,2.0,771.0,771.0,771.0,771.0,709.0,
Grundy,2020-03-31,,22.0,0.2,0.03,13427.0,4.0,772.0,772.0,772.0,772.0,710.0,
Grundy,2020-04-01,,23.0,0.2,0.045,13427.0,6.0,773.0,773.0,773.0,773.0,711.0,
Grundy,2020-04-02,,35.0,0.3,0.06,13427.0,8.0,774.0,774.0,774.0,774.0,712.0,
Grundy,2020-04-03,,37.0,0.4,0.08199999999999999,13427.0,11.0,775.0,775.0,775.0,775.0,713.0,
Grundy,2020-04-04,,43.0,0.4,0.08900000000000001,13427.0,12.0,776.0,776.0,776.0,776.0,,
Greene,2020-03-20,0.0,,,,,1.0,777.0,777.0,777.0,777.0,714.0,47059.0
Greene,2020-03-21,0.0,,,,,1.0,778.0,778.0,778.0,778.0,715.0,47059.0
Greene,2020-03-22,0.0,,,,,2.0,779.0,779.0,779.0,779.0,716.0,47059.0
Greene,2020-03-23,0.0,,,,,2.0,780.0,780.0,780.0,780.0,717.0,47059.0
Greene,2020-03-24,0.0,,,,,5.0,781.0,781.0,781.0,781.0,718.0,47059.0
Greene,2020-03-25,0.0,,,,,7.0,782.0,782.0,782.0,782.0,719.0,47059.0
Greene,2020-03-26,0.0,,,,,8.0,783.0,783.0,783.0,783.0,720.0,47059.0
Greene,2020-03-27,0.0,,,,,8.0,784.0,784.0,784.0,784.0,721.0,47059.0
Greene,2020-03-28,,,,0.012,69069.0,8.0,785.0,785.0,785.0,785.0,722.0,
Greene,2020-03-29,,,,0.013000000000000001,69069.0,9.0,786.0,786.0,786.0,786.0,723.0,
Greene,2020-03-30,,,,0.017,69069.0,12.0,787.0,787.0,787.0,787.0,724.0,
Greene,2020-03-31,,61.0,0.1,0.017,69069.0,12.0,788.0,788.0,788.0,788.0,725.0,
Greene,2020-04-01,1.0,66.0,0.1,0.022000000000000002,69069.0,15.0,789.0,789.0,789.0,789.0,726.0,
Greene,2020-04-02,1.0,87.0,0.1,0.023,69069.0,16.0,790.0,790.0,790.0,790.0,727.0,
Greene,2020-04-03,1.0,89.0,0.2,0.023,69069.0,16.0,791.0,791.0,791.0,791.0,728.0,
Greene,2020-04-04,1.0,90.0,0.2,0.023,69069.0,16.0,792.0,792.0,792.0,792.0,,
Grainger,2020-03-31,,36.0,0.2,0.0,23320.0,0.0,793.0,793.0,793.0,793.0,729.0,
Grainger,2020-04-01,,37.0,0.2,0.013000000000000001,23320.0,3.0,794.0,794.0,794.0,794.0,730.0,
Grainger,2020-04-02,,41.0,0.2,0.013000000000000001,23320.0,3.0,795.0,795.0,795.0,795.0,731.0,
Grainger,2020-04-03,,44.0,0.2,0.013000000000000001,23320.0,3.0,796.0,796.0,796.0,796.0,732.0,
Grainger,2020-04-04,,45.0,0.2,0.013,23320.0,3.0,797.0,797.0,797.0,797.0,,
Giles,2020-03-30,,,,0.003,29464.0,1.0,798.0,798.0,798.0,798.0,733.0,
Giles,2020-03-31,,70.0,0.2,0.01,29464.0,3.0,799.0,799.0,799.0,799.0,734.0,
Giles,2020-04-01,,72.0,0.3,0.01,29464.0,3.0,800.0,800.0,800.0,800.0,735.0,
Giles,2020-04-02,,76.0,0.3,0.01,29464.0,3.0,801.0,801.0,801.0,801.0,736.0,
Giles,2020-04-03,,80.0,0.3,0.01,29464.0,3.0,802.0,802.0,802.0,802.0,737.0,
Giles,2020-04-04,,82.0,0.3,0.01,29464.0,3.0,803.0,803.0,803.0,803.0,,
Gibson,2020-03-22,0.0,,,,,1.0,804.0,804.0,804.0,804.0,738.0,47053.0
Gibson,2020-03-23,0.0,,,,,1.0,805.0,805.0,805.0,805.0,739.0,47053.0
Gibson,2020-03-24,0.0,,,,,2.0,806.0,806.0,806.0,806.0,740.0,47053.0
Gibson,2020-03-25,0.0,,,,,2.0,807.0,807.0,807.0,807.0,741.0,47053.0
Gibson,2020-03-26,0.0,,,,,2.0,808.0,808.0,808.0,808.0,742.0,47053.0
Gibson,2020-03-27,0.0,,,,,2.0,809.0,809.0,809.0,809.0,743.0,47053.0
Gibson,2020-03-28,,,,0.004,49133.0,2.0,810.0,810.0,810.0,810.0,744.0,
Gibson,2020-03-29,,,,0.006,49133.0,3.0,811.0,811.0,811.0,811.0,745.0,
Gibson,2020-03-30,,,,0.01,49133.0,5.0,812.0,812.0,812.0,812.0,746.0,
Gibson,2020-03-31,,90.0,0.2,0.012,49133.0,6.0,813.0,813.0,813.0,813.0,747.0,
Gibson,2020-04-01,,111.0,0.2,0.012,49133.0,6.0,814.0,814.0,814.0,814.0,748.0,
Gibson,2020-04-02,,143.0,0.3,0.012,49133.0,6.0,815.0,815.0,815.0,815.0,749.0,
Gibson,2020-04-03,,150.0,0.3,0.013999999999999999,49133.0,7.0,816.0,816.0,816.0,816.0,750.0,
Gibson,2020-04-04,,178.0,0.4,0.016,49133.0,8.0,817.0,817.0,817.0,817.0,,
Franklin,2020-03-22,0.0,,,,,1.0,818.0,818.0,818.0,818.0,751.0,47051.0
Franklin,2020-03-23,0.0,,,,,1.0,819.0,819.0,819.0,819.0,752.0,47051.0
Franklin,2020-03-24,0.0,,,,,1.0,820.0,820.0,820.0,820.0,753.0,47051.0
Franklin,2020-03-25,0.0,,,,,1.0,821.0,821.0,821.0,821.0,754.0,47051.0
Franklin,2020-03-26,0.0,,,,,3.0,822.0,822.0,822.0,822.0,755.0,47051.0
Franklin,2020-03-27,0.0,,,,,3.0,823.0,823.0,823.0,823.0,756.0,47051.0
Franklin,2020-03-28,,,,0.006999999999999999,42208.0,3.0,824.0,824.0,824.0,824.0,757.0,
Franklin,2020-03-29,,,,0.013999999999999999,42208.0,6.0,825.0,825.0,825.0,825.0,758.0,
Franklin,2020-03-30,,,,0.012,42208.0,5.0,826.0,826.0,826.0,826.0,759.0,
Franklin,2020-03-31,,68.0,0.2,0.012,42208.0,5.0,827.0,827.0,827.0,827.0,760.0,
Franklin,2020-04-01,,68.0,0.2,0.017,42208.0,7.0,828.0,828.0,828.0,828.0,761.0,
Franklin,2020-04-02,,97.0,0.2,0.019,42208.0,8.0,829.0,829.0,829.0,829.0,762.0,
Franklin,2020-04-03,1.0,106.0,0.3,0.027999999999999997,42208.0,12.0,830.0,830.0,830.0,830.0,763.0,
Franklin,2020-04-04,1.0,113.0,0.3,0.028,42208.0,12.0,831.0,831.0,831.0,831.0,,
Fentress,2020-03-30,,,,0.005,18523.0,1.0,832.0,832.0,832.0,832.0,764.0,
Fentress,2020-03-31,,44.0,0.2,0.005,18523.0,1.0,833.0,833.0,833.0,833.0,765.0,
Fentress,2020-04-01,,48.0,0.3,0.005,18523.0,1.0,834.0,834.0,834.0,834.0,766.0,
Fentress,2020-04-02,,52.0,0.3,0.005,18523.0,1.0,835.0,835.0,835.0,835.0,767.0,
Fentress,2020-04-03,,54.0,0.3,0.005,18523.0,1.0,836.0,836.0,836.0,836.0,768.0,
Fentress,2020-04-04,,62.0,0.3,0.005,18523.0,1.0,837.0,837.0,837.0,837.0,,
Fayette,2020-03-21,0.0,,,,,1.0,838.0,838.0,838.0,838.0,769.0,47047.0
Fayette,2020-03-22,0.0,,,,,3.0,839.0,839.0,839.0,839.0,770.0,47047.0
Fayette,2020-03-23,0.0,,,,,3.0,840.0,840.0,840.0,840.0,771.0,47047.0
Fayette,2020-03-24,0.0,,,,,3.0,841.0,841.0,841.0,841.0,772.0,47047.0
Fayette,2020-03-25,0.0,,,,,3.0,842.0,842.0,842.0,842.0,773.0,47047.0
Fayette,2020-03-26,0.0,,,,,3.0,843.0,843.0,843.0,843.0,774.0,47047.0
Fayette,2020-03-27,0.0,,,,,3.0,844.0,844.0,844.0,844.0,775.0,47047.0
Fayette,2020-03-28,,,,0.01,41133.0,4.0,845.0,845.0,845.0,845.0,776.0,
Fayette,2020-03-29,,,,0.024,41133.0,10.0,846.0,846.0,846.0,846.0,777.0,
Fayette,2020-03-30,,,,0.024,41133.0,10.0,847.0,847.0,847.0,847.0,778.0,
Fayette,2020-03-31,,120.0,0.3,0.028999999999999998,41133.0,12.0,848.0,848.0,848.0,848.0,779.0,
Fayette,2020-04-01,,131.0,0.4,0.034,41133.0,14.0,849.0,849.0,849.0,849.0,780.0,
Fayette,2020-04-02,,148.0,0.4,0.034,41133.0,14.0,850.0,850.0,850.0,850.0,781.0,
Fayette,2020-04-03,,155.0,0.4,0.040999999999999995,41133.0,17.0,851.0,851.0,851.0,851.0,782.0,
Fayette,2020-04-04,,172.0,0.5,0.044,41133.0,18.0,852.0,852.0,852.0,852.0,,
Dyer,2020-03-19,0.0,,,,,1.0,853.0,853.0,853.0,853.0,783.0,47045.0
Dyer,2020-03-20,0.0,,,,,1.0,854.0,854.0,854.0,854.0,784.0,47045.0
Dyer,2020-03-21,0.0,,,,,2.0,855.0,855.0,855.0,855.0,785.0,47045.0
Dyer,2020-03-22,0.0,,,,,2.0,856.0,856.0,856.0,856.0,786.0,47045.0
Dyer,2020-03-23,0.0,,,,,2.0,857.0,857.0,857.0,857.0,787.0,47045.0
Dyer,2020-03-24,0.0,,,,,2.0,858.0,858.0,858.0,858.0,788.0,47045.0
Dyer,2020-03-25,0.0,,,,,2.0,859.0,859.0,859.0,859.0,789.0,47045.0
Dyer,2020-03-26,0.0,,,,,3.0,860.0,860.0,860.0,860.0,790.0,47045.0
Dyer,2020-03-27,0.0,,,,,3.0,861.0,861.0,861.0,861.0,791.0,47045.0
Dyer,2020-03-28,,,,0.008,37159.0,3.0,862.0,862.0,862.0,862.0,792.0,
Dyer,2020-03-29,,,,0.008,37159.0,3.0,863.0,863.0,863.0,863.0,793.0,
Dyer,2020-03-30,,,,0.008,37159.0,3.0,864.0,864.0,864.0,864.0,794.0,
Dyer,2020-03-31,,52.0,0.1,0.008,37159.0,3.0,865.0,865.0,865.0,865.0,795.0,
Dyer,2020-04-01,,63.0,0.2,0.008,37159.0,3.0,866.0,866.0,866.0,866.0,796.0,
Dyer,2020-04-02,,82.0,0.2,0.013000000000000001,37159.0,5.0,867.0,867.0,867.0,867.0,797.0,
Dyer,2020-04-03,,90.0,0.3,0.013000000000000001,37159.0,5.0,868.0,868.0,868.0,868.0,798.0,
Dyer,2020-04-04,,104.0,0.3,0.019,37159.0,7.0,869.0,869.0,869.0,869.0,,
Dickson,2020-03-20,0.0,,,,,2.0,870.0,870.0,870.0,870.0,799.0,47043.0
Dickson,2020-03-21,0.0,,,,,3.0,871.0,871.0,871.0,871.0,800.0,47043.0
Dickson,2020-03-22,0.0,,,,,4.0,872.0,872.0,872.0,872.0,801.0,47043.0
Dickson,2020-03-23,0.0,,,,,4.0,873.0,873.0,873.0,873.0,802.0,47043.0
Dickson,2020-03-24,0.0,,,,,5.0,874.0,874.0,874.0,874.0,803.0,47043.0
Dickson,2020-03-25,0.0,,,,,5.0,875.0,875.0,875.0,875.0,804.0,47043.0
Dickson,2020-03-26,0.0,,,,,7.0,876.0,876.0,876.0,876.0,805.0,47043.0
Dickson,2020-03-27,0.0,,,,,9.0,877.0,877.0,877.0,877.0,806.0,47043.0
Dickson,2020-03-28,,,,0.02,53948.0,11.0,878.0,878.0,878.0,878.0,807.0,
Dickson,2020-03-29,,,,0.02,53948.0,11.0,879.0,879.0,879.0,879.0,808.0,
Dickson,2020-03-30,,,,0.022000000000000002,53948.0,12.0,880.0,880.0,880.0,880.0,809.0,
Dickson,2020-03-31,,124.0,0.3,0.032,53948.0,17.0,881.0,881.0,881.0,881.0,810.0,
Dickson,2020-04-01,,127.0,0.3,0.033,53948.0,18.0,882.0,882.0,882.0,882.0,811.0,
Dickson,2020-04-02,,147.0,0.3,0.037000000000000005,53948.0,20.0,883.0,883.0,883.0,883.0,812.0,
Dickson,2020-04-03,,158.0,0.3,0.039,53948.0,21.0,884.0,884.0,884.0,884.0,813.0,
Dickson,2020-04-04,,173.0,0.4,0.041,53948.0,22.0,885.0,885.0,885.0,885.0,,
Dekalb,2020-04-01,,,,,20490.0,,886.0,886.0,886.0,886.0,814.0,
Dekalb,2020-04-02,,75.0,0.4,0.024,20490.0,5.0,887.0,887.0,887.0,887.0,815.0,
Dekalb,2020-04-03,,85.0,0.4,0.024,20490.0,5.0,888.0,888.0,888.0,888.0,816.0,
Dekalb,2020-04-04,,92.0,0.5,0.024,20490.0,5.0,889.0,889.0,889.0,889.0,,
Decatur,2020-03-28,,,,0.009000000000000001,11663.0,1.0,890.0,890.0,890.0,890.0,817.0,
Decatur,2020-03-29,,,,0.009000000000000001,11663.0,1.0,891.0,891.0,891.0,891.0,818.0,
Decatur,2020-03-31,,30.0,0.3,0.0,11663.0,0.0,892.0,892.0,892.0,892.0,819.0,
Decatur,2020-04-01,,31.0,0.3,0.0,11663.0,0.0,893.0,893.0,893.0,893.0,820.0,
Decatur,2020-04-02,,38.0,0.3,0.0,11663.0,0.0,894.0,894.0,894.0,894.0,821.0,
Decatur,2020-04-03,,39.0,0.3,0.0,11663.0,0.0,895.0,895.0,895.0,895.0,822.0,
Decatur,2020-04-04,,47.0,0.4,0.0,11663.0,0.0,896.0,896.0,896.0,896.0,,
DeKalb,2020-03-24,0.0,,,,,1.0,897.0,897.0,897.0,897.0,823.0,47041.0
DeKalb,2020-03-25,0.0,,,,,1.0,898.0,898.0,898.0,898.0,824.0,47041.0
DeKalb,2020-03-26,0.0,,,,,2.0,899.0,899.0,899.0,899.0,825.0,47041.0
DeKalb,2020-03-27,0.0,,,,,3.0,900.0,900.0,900.0,900.0,826.0,47041.0
DeKalb,2020-03-28,0.0,,,,,3.0,901.0,901.0,901.0,901.0,827.0,47041.0
DeKalb,2020-03-29,0.0,,,,,3.0,902.0,902.0,902.0,902.0,828.0,47041.0
DeKalb,2020-03-30,0.0,,,,,4.0,903.0,903.0,903.0,903.0,829.0,47041.0
DeKalb,2020-03-31,0.0,,,,,4.0,904.0,904.0,904.0,904.0,830.0,47041.0
DeKalb,2020-04-01,0.0,,,,,5.0,905.0,905.0,905.0,905.0,831.0,47041.0
Davidson,2020-03-08,0.0,,,,,1.0,906.0,906.0,906.0,906.0,832.0,47037.0
Davidson,2020-03-09,0.0,,,,,1.0,907.0,907.0,907.0,907.0,833.0,47037.0
Davidson,2020-03-10,0.0,,,,,1.0,908.0,908.0,908.0,908.0,834.0,47037.0
Davidson,2020-03-11,0.0,,,,,2.0,909.0,909.0,909.0,909.0,835.0,47037.0
Davidson,2020-03-12,0.0,,,,,6.0,910.0,910.0,910.0,910.0,836.0,47037.0
Davidson,2020-03-13,0.0,,,,,10.0,911.0,911.0,911.0,911.0,837.0,47037.0
Davidson,2020-03-14,0.0,,,,,14.0,912.0,912.0,912.0,912.0,838.0,47037.0
Davidson,2020-03-15,0.0,,,,,17.0,913.0,913.0,913.0,913.0,839.0,47037.0
Davidson,2020-03-16,0.0,,,,,25.0,914.0,914.0,914.0,914.0,840.0,47037.0
Davidson,2020-03-17,0.0,,,,,42.0,915.0,915.0,915.0,915.0,841.0,47037.0
Davidson,2020-03-18,0.0,,,,,58.0,916.0,916.0,916.0,916.0,842.0,47037.0
Davidson,2020-03-19,0.0,,,,,75.0,917.0,917.0,917.0,917.0,843.0,47037.0
Davidson,2020-03-20,0.0,,,,,110.0,918.0,918.0,918.0,918.0,844.0,47037.0
Davidson,2020-03-21,2.0,,,,,140.0,919.0,919.0,919.0,919.0,845.0,47037.0
Davidson,2020-03-22,2.0,,,,,167.0,920.0,920.0,920.0,920.0,846.0,47037.0
Davidson,2020-03-23,2.0,,,,,184.0,921.0,921.0,921.0,921.0,847.0,47037.0
Davidson,2020-03-24,2.0,,,,,253.0,922.0,922.0,922.0,922.0,848.0,47037.0
Davidson,2020-03-25,2.0,,,,,257.0,923.0,923.0,923.0,923.0,849.0,47037.0
Davidson,2020-03-26,2.0,,,,,293.0,924.0,924.0,924.0,924.0,850.0,47037.0
Davidson,2020-03-27,2.0,,,,,312.0,925.0,925.0,925.0,925.0,851.0,47037.0
Davidson,2020-03-28,,,,0.035,694144.0,243.0,926.0,926.0,926.0,926.0,852.0,
Davidson,2020-03-29,,,,0.037000000000000005,694144.0,260.0,927.0,927.0,927.0,927.0,853.0,
Davidson,2020-03-30,,,,0.052000000000000005,694144.0,364.0,928.0,928.0,928.0,928.0,854.0,
Davidson,2020-03-31,,3885.0,0.6,0.055999999999999994,694144.0,391.0,929.0,929.0,929.0,929.0,855.0,
Davidson,2020-04-01,4.0,4235.0,0.7,0.061,694144.0,423.0,930.0,930.0,930.0,930.0,856.0,
Davidson,2020-04-02,6.0,4813.0,0.8,0.08900000000000001,694144.0,617.0,931.0,931.0,931.0,931.0,857.0,
Davidson,2020-04-03,6.0,5113.0,0.8,0.099,694144.0,685.0,932.0,932.0,932.0,932.0,858.0,
Davidson,2020-04-04,6.0,5445.0,0.9,0.107,694144.0,741.0,933.0,933.0,933.0,933.0,,
Cumberland,2020-03-19,0.0,,,,,1.0,934.0,934.0,934.0,934.0,859.0,47035.0
Cumberland,2020-03-20,0.0,,,,,2.0,935.0,935.0,935.0,935.0,860.0,47035.0
Cumberland,2020-03-21,0.0,,,,,2.0,936.0,936.0,936.0,936.0,861.0,47035.0
Cumberland,2020-03-22,0.0,,,,,2.0,937.0,937.0,937.0,937.0,862.0,47035.0
Cumberland,2020-03-23,0.0,,,,,2.0,938.0,938.0,938.0,938.0,863.0,47035.0
Cumberland,2020-03-24,0.0,,,,,3.0,939.0,939.0,939.0,939.0,864.0,47035.0
Cumberland,2020-03-25,0.0,,,,,3.0,940.0,940.0,940.0,940.0,865.0,47035.0
Cumberland,2020-03-26,0.0,,,,,6.0,941.0,941.0,941.0,941.0,866.0,47035.0
Cumberland,2020-03-27,0.0,,,,,6.0,942.0,942.0,942.0,942.0,867.0,47035.0
Cumberland,2020-03-28,,,,0.01,60520.0,6.0,943.0,943.0,943.0,943.0,868.0,
Cumberland,2020-03-29,,,,0.015,60520.0,9.0,944.0,944.0,944.0,944.0,869.0,
Cumberland,2020-03-30,,,,0.018000000000000002,60520.0,11.0,945.0,945.0,945.0,945.0,870.0,
Cumberland,2020-03-31,,241.0,0.4,0.018000000000000002,60520.0,11.0,946.0,946.0,946.0,946.0,871.0,
Cumberland,2020-04-01,,266.0,0.5,0.023,60520.0,14.0,947.0,947.0,947.0,947.0,872.0,
Cumberland,2020-04-02,,296.0,0.5,0.026000000000000002,60520.0,16.0,948.0,948.0,948.0,948.0,873.0,
Cumberland,2020-04-03,,347.0,0.6,0.036000000000000004,60520.0,22.0,949.0,949.0,949.0,949.0,874.0,
Cumberland,2020-04-04,,372.0,0.7,0.038,60520.0,23.0,950.0,950.0,950.0,950.0,,
Crockett,2020-03-31,,17.0,0.1,0.0,14230.0,0.0,951.0,951.0,951.0,951.0,875.0,
Crockett,2020-04-01,,20.0,0.1,0.0,14230.0,0.0,952.0,952.0,952.0,952.0,876.0,
Crockett,2020-04-02,,29.0,0.2,0.0,14230.0,0.0,953.0,953.0,953.0,953.0,877.0,
Crockett,2020-04-03,,32.0,0.2,0.0,14230.0,0.0,954.0,954.0,954.0,954.0,878.0,
Crockett,2020-04-04,,35.0,0.2,0.0,14230.0,0.0,955.0,955.0,955.0,955.0,,
Coffee,2020-03-29,,,,0.002,56520.0,1.0,956.0,956.0,956.0,956.0,879.0,
Coffee,2020-03-30,,,,0.002,56520.0,1.0,957.0,957.0,957.0,957.0,880.0,
Coffee,2020-03-31,,120.0,0.2,0.002,56520.0,1.0,958.0,958.0,958.0,958.0,881.0,
Coffee,2020-04-01,,126.0,0.2,0.002,56520.0,1.0,959.0,959.0,959.0,959.0,882.0,
Coffee,2020-04-02,,135.0,0.2,0.005,56520.0,3.0,960.0,960.0,960.0,960.0,883.0,
Coffee,2020-04-03,,167.0,0.3,0.005,56520.0,3.0,961.0,961.0,961.0,961.0,884.0,
Coffee,2020-04-04,,189.0,0.3,0.006999999999999999,56520.0,4.0,962.0,962.0,962.0,962.0,,
Cocke,2020-03-21,0.0,,,,,1.0,963.0,963.0,963.0,963.0,885.0,47029.0
Cocke,2020-03-22,0.0,,,,,1.0,964.0,964.0,964.0,964.0,886.0,47029.0
Cocke,2020-03-23,0.0,,,,,1.0,965.0,965.0,965.0,965.0,887.0,47029.0
Cocke,2020-03-24,0.0,,,,,1.0,966.0,966.0,966.0,966.0,888.0,47029.0
Cocke,2020-03-25,0.0,,,,,1.0,967.0,967.0,967.0,967.0,889.0,47029.0
Cocke,2020-03-26,0.0,,,,,1.0,968.0,968.0,968.0,968.0,890.0,47029.0
Cocke,2020-03-27,0.0,,,,,1.0,969.0,969.0,969.0,969.0,891.0,47029.0
Cocke,2020-03-28,,,,0.003,36004.0,1.0,970.0,970.0,970.0,970.0,892.0,
Cocke,2020-03-29,,,,0.003,36004.0,1.0,971.0,971.0,971.0,971.0,893.0,
Cocke,2020-03-30,,,,0.003,36004.0,1.0,972.0,972.0,972.0,972.0,894.0,
Cocke,2020-03-31,,40.0,0.1,0.003,36004.0,1.0,973.0,973.0,973.0,973.0,895.0,
Cocke,2020-04-01,,42.0,0.1,0.003,36004.0,1.0,974.0,974.0,974.0,974.0,896.0,
Cocke,2020-04-02,,53.0,0.1,0.003,36004.0,1.0,975.0,975.0,975.0,975.0,897.0,
Cocke,2020-04-03,,57.0,0.2,0.003,36004.0,1.0,976.0,976.0,976.0,976.0,898.0,
Cocke,2020-04-04,,62.0,0.2,0.003,36004.0,1.0,977.0,977.0,977.0,977.0,,
Clay,2020-03-31,,22.0,0.3,0.0,7615.0,0.0,978.0,978.0,978.0,978.0,899.0,
Clay,2020-04-01,,25.0,0.3,0.013000000000000001,7615.0,1.0,979.0,979.0,979.0,979.0,900.0,
Clay,2020-04-02,,28.0,0.4,0.013000000000000001,7615.0,1.0,980.0,980.0,980.0,980.0,901.0,
Clay,2020-04-03,,47.0,0.6,0.013000000000000001,7615.0,1.0,981.0,981.0,981.0,981.0,902.0,
Clay,2020-04-04,,47.0,0.6,0.013,7615.0,1.0,982.0,982.0,982.0,982.0,,
Claiborne,2020-03-24,0.0,,,,,1.0,983.0,983.0,983.0,983.0,903.0,47025.0
Claiborne,2020-03-25,0.0,,,,,1.0,984.0,984.0,984.0,984.0,904.0,47025.0
Claiborne,2020-03-26,0.0,,,,,2.0,985.0,985.0,985.0,985.0,905.0,47025.0
Claiborne,2020-03-27,0.0,,,,,2.0,986.0,986.0,986.0,986.0,906.0,47025.0
Claiborne,2020-03-28,,,,0.006,31959.0,2.0,987.0,987.0,987.0,987.0,907.0,
Claiborne,2020-03-29,,,,0.006,31959.0,2.0,988.0,988.0,988.0,988.0,908.0,
Claiborne,2020-03-30,,,,0.006,31959.0,2.0,989.0,989.0,989.0,989.0,909.0,
Claiborne,2020-03-31,,24.0,0.1,0.006,31959.0,2.0,990.0,990.0,990.0,990.0,910.0,
Claiborne,2020-04-01,,24.0,0.1,0.006,31959.0,2.0,991.0,991.0,991.0,991.0,911.0,
Claiborne,2020-04-02,,39.0,0.1,0.006,31959.0,2.0,992.0,992.0,992.0,992.0,912.0,
Claiborne,2020-04-03,,45.0,0.1,0.006,31959.0,2.0,993.0,993.0,993.0,993.0,913.0,
Claiborne,2020-04-04,,53.0,0.2,0.006,31959.0,2.0,994.0,994.0,994.0,994.0,,
Chester,2020-03-22,0.0,,,,,1.0,995.0,995.0,995.0,995.0,914.0,47023.0
Chester,2020-03-23,0.0,,,,,1.0,996.0,996.0,996.0,996.0,915.0,47023.0
Chester,2020-03-24,0.0,,,,,1.0,997.0,997.0,997.0,997.0,916.0,47023.0
Chester,2020-03-25,0.0,,,,,1.0,998.0,998.0,998.0,998.0,917.0,47023.0
Chester,2020-03-26,0.0,,,,,2.0,999.0,999.0,999.0,999.0,918.0,47023.0
Chester,2020-03-27,0.0,,,,,2.0,1000.0,1000.0,1000.0,1000.0,919.0,47023.0
Chester,2020-03-28,,,,0.012,17297.0,2.0,1001.0,1001.0,1001.0,1001.0,920.0,
Chester,2020-03-29,,,,0.012,17297.0,2.0,1002.0,1002.0,1002.0,1002.0,921.0,
Chester,2020-03-30,,,,0.017,17297.0,3.0,1003.0,1003.0,1003.0,1003.0,922.0,
Chester,2020-03-31,,43.0,0.3,0.017,17297.0,3.0,1004.0,1004.0,1004.0,1004.0,923.0,
Chester,2020-04-01,,45.0,0.3,0.017,17297.0,3.0,1005.0,1005.0,1005.0,1005.0,924.0,
Chester,2020-04-02,,49.0,0.3,0.017,17297.0,3.0,1006.0,1006.0,1006.0,1006.0,925.0,
Chester,2020-04-03,,53.0,0.3,0.028999999999999998,17297.0,5.0,1007.0,1007.0,1007.0,1007.0,926.0,
Chester,2020-04-04,,58.0,0.4,0.035,17297.0,6.0,1008.0,1008.0,1008.0,1008.0,,
Cheatham,2020-03-18,0.0,,,,,1.0,1009.0,1009.0,1009.0,1009.0,927.0,47021.0
Cheatham,2020-03-19,0.0,,,,,1.0,1010.0,1010.0,1010.0,1010.0,928.0,47021.0
Cheatham,2020-03-20,0.0,,,,,2.0,1011.0,1011.0,1011.0,1011.0,929.0,47021.0
Cheatham,2020-03-21,0.0,,,,,2.0,1012.0,1012.0,1012.0,1012.0,930.0,47021.0
Cheatham,2020-03-22,0.0,,,,,4.0,1013.0,1013.0,1013.0,1013.0,931.0,47021.0
Cheatham,2020-03-23,0.0,,,,,4.0,1014.0,1014.0,1014.0,1014.0,932.0,47021.0
Cheatham,2020-03-24,0.0,,,,,5.0,1015.0,1015.0,1015.0,1015.0,933.0,47021.0
Cheatham,2020-03-25,0.0,,,,,7.0,1016.0,1016.0,1016.0,1016.0,934.0,47021.0
Cheatham,2020-03-26,0.0,,,,,7.0,1017.0,1017.0,1017.0,1017.0,935.0,47021.0
Cheatham,2020-03-27,0.0,,,,,7.0,1018.0,1018.0,1018.0,1018.0,936.0,47021.0
Cheatham,2020-03-28,,,,0.017,40667.0,7.0,1019.0,1019.0,1019.0,1019.0,937.0,
Cheatham,2020-03-29,,,,0.02,40667.0,8.0,1020.0,1020.0,1020.0,1020.0,938.0,
Cheatham,2020-03-30,,,,0.02,40667.0,8.0,1021.0,1021.0,1021.0,1021.0,939.0,
Cheatham,2020-03-31,,155.0,0.4,0.025,40667.0,10.0,1022.0,1022.0,1022.0,1022.0,940.0,
Cheatham,2020-04-01,,164.0,0.4,0.027000000000000003,40667.0,11.0,1023.0,1023.0,1023.0,1023.0,941.0,
Cheatham,2020-04-02,,196.0,0.5,0.027000000000000003,40667.0,11.0,1024.0,1024.0,1024.0,1024.0,942.0,
Cheatham,2020-04-03,,217.0,0.6,0.027000000000000003,40667.0,11.0,1025.0,1025.0,1025.0,1025.0,943.0,
Cheatham,2020-04-04,,239.0,0.6,0.03,40667.0,12.0,1026.0,1026.0,1026.0,1026.0,,
Carter,2020-03-28,,,,0.002,56391.0,1.0,1027.0,1027.0,1027.0,1027.0,944.0,
Carter,2020-03-29,,,,0.002,56391.0,1.0,1028.0,1028.0,1028.0,1028.0,945.0,
Carter,2020-03-30,,,,0.002,56391.0,1.0,1029.0,1029.0,1029.0,1029.0,946.0,
Carter,2020-03-31,,52.0,0.1,0.002,56391.0,1.0,1030.0,1030.0,1030.0,1030.0,947.0,
Carter,2020-04-01,,54.0,0.1,0.002,56391.0,1.0,1031.0,1031.0,1031.0,1031.0,948.0,
Carter,2020-04-02,,68.0,0.1,0.002,56391.0,1.0,1032.0,1032.0,1032.0,1032.0,949.0,
Carter,2020-04-03,,69.0,0.1,0.005,56391.0,3.0,1033.0,1033.0,1033.0,1033.0,950.0,
Carter,2020-04-04,,74.0,0.1,0.005,56391.0,3.0,1034.0,1034.0,1034.0,1034.0,,
Carroll,2020-03-21,0.0,,,,,1.0,1035.0,1035.0,1035.0,1035.0,951.0,47017.0
Carroll,2020-03-22,0.0,,,,,2.0,1036.0,1036.0,1036.0,1036.0,952.0,47017.0
Carroll,2020-03-23,0.0,,,,,2.0,1037.0,1037.0,1037.0,1037.0,953.0,47017.0
Carroll,2020-03-24,0.0,,,,,3.0,1038.0,1038.0,1038.0,1038.0,954.0,47017.0
Carroll,2020-03-25,0.0,,,,,3.0,1039.0,1039.0,1039.0,1039.0,955.0,47017.0
Carroll,2020-03-26,0.0,,,,,3.0,1040.0,1040.0,1040.0,1040.0,956.0,47017.0
Carroll,2020-03-27,0.0,,,,,4.0,1041.0,1041.0,1041.0,1041.0,957.0,47017.0
Carroll,2020-03-28,,,,0.013999999999999999,27767.0,4.0,1042.0,1042.0,1042.0,1042.0,958.0,
Carroll,2020-03-29,,,,0.018000000000000002,27767.0,5.0,1043.0,1043.0,1043.0,1043.0,959.0,
Carroll,2020-03-30,,,,0.018000000000000002,27767.0,5.0,1044.0,1044.0,1044.0,1044.0,960.0,
Carroll,2020-03-31,,79.0,0.3,0.018000000000000002,27767.0,5.0,1045.0,1045.0,1045.0,1045.0,961.0,
Carroll,2020-04-01,,83.0,0.3,0.018000000000000002,27767.0,5.0,1046.0,1046.0,1046.0,1046.0,962.0,
Carroll,2020-04-02,,91.0,0.3,0.018000000000000002,27767.0,5.0,1047.0,1047.0,1047.0,1047.0,963.0,
Carroll,2020-04-03,,105.0,0.4,0.022000000000000002,27767.0,6.0,1048.0,1048.0,1048.0,1048.0,964.0,
Carroll,2020-04-04,,114.0,0.4,0.022,27767.0,6.0,1049.0,1049.0,1049.0,1049.0,,
Cannon,2020-03-26,0.0,,,,,1.0,1050.0,1050.0,1050.0,1050.0,965.0,47015.0
Cannon,2020-03-27,0.0,,,,,2.0,1051.0,1051.0,1051.0,1051.0,966.0,47015.0
Cannon,2020-03-28,,,,0.02,14678.0,3.0,1052.0,1052.0,1052.0,1052.0,967.0,
Cannon,2020-03-29,,,,0.013999999999999999,14678.0,2.0,1053.0,1053.0,1053.0,1053.0,968.0,
Cannon,2020-03-30,,,,0.013999999999999999,14678.0,2.0,1054.0,1054.0,1054.0,1054.0,969.0,
Cannon,2020-03-31,,47.0,0.3,0.02,14678.0,3.0,1055.0,1055.0,1055.0,1055.0,970.0,
Cannon,2020-04-01,,50.0,0.4,0.02,14678.0,3.0,1056.0,1056.0,1056.0,1056.0,971.0,
Cannon,2020-04-02,,59.0,0.4,0.027000000000000003,14678.0,4.0,1057.0,1057.0,1057.0,1057.0,972.0,
Cannon,2020-04-03,,64.0,0.5,0.027000000000000003,14678.0,4.0,1058.0,1058.0,1058.0,1058.0,973.0,
Cannon,2020-04-04,,67.0,0.5,0.027000000000000003,14678.0,4.0,1059.0,1059.0,1059.0,1059.0,,
Campbell,2020-03-14,0.0,,,,,1.0,1060.0,1060.0,1060.0,1060.0,974.0,47013.0
Campbell,2020-03-15,0.0,,,,,1.0,1061.0,1061.0,1061.0,1061.0,975.0,47013.0
Campbell,2020-03-16,0.0,,,,,1.0,1062.0,1062.0,1062.0,1062.0,976.0,47013.0
Campbell,2020-03-17,0.0,,,,,1.0,1063.0,1063.0,1063.0,1063.0,977.0,47013.0
Campbell,2020-03-18,0.0,,,,,1.0,1064.0,1064.0,1064.0,1064.0,978.0,47013.0
Campbell,2020-03-19,0.0,,,,,1.0,1065.0,1065.0,1065.0,1065.0,979.0,47013.0
Campbell,2020-03-20,0.0,,,,,1.0,1066.0,1066.0,1066.0,1066.0,980.0,47013.0
Campbell,2020-03-21,0.0,,,,,2.0,1067.0,1067.0,1067.0,1067.0,981.0,47013.0
Campbell,2020-03-22,0.0,,,,,2.0,1068.0,1068.0,1068.0,1068.0,982.0,47013.0
Campbell,2020-03-23,0.0,,,,,2.0,1069.0,1069.0,1069.0,1069.0,983.0,47013.0
Campbell,2020-03-24,0.0,,,,,2.0,1070.0,1070.0,1070.0,1070.0,984.0,47013.0
Campbell,2020-03-25,0.0,,,,,2.0,1071.0,1071.0,1071.0,1071.0,985.0,47013.0
Campbell,2020-03-26,0.0,,,,,2.0,1072.0,1072.0,1072.0,1072.0,986.0,47013.0
Campbell,2020-03-27,0.0,,,,,4.0,1073.0,1073.0,1073.0,1073.0,987.0,47013.0
Campbell,2020-03-28,,,,0.01,39842.0,4.0,1074.0,1074.0,1074.0,1074.0,988.0,
Campbell,2020-03-29,,,,0.01,39842.0,4.0,1075.0,1075.0,1075.0,1075.0,989.0,
Campbell,2020-03-30,,,,0.01,39842.0,4.0,1076.0,1076.0,1076.0,1076.0,990.0,
Campbell,2020-03-31,,54.0,0.1,0.01,39842.0,4.0,1077.0,1077.0,1077.0,1077.0,991.0,
Campbell,2020-04-01,,56.0,0.2,0.01,39842.0,4.0,1078.0,1078.0,1078.0,1078.0,992.0,
Campbell,2020-04-02,,66.0,0.2,0.01,39842.0,4.0,1079.0,1079.0,1079.0,1079.0,993.0,
Campbell,2020-04-03,,73.0,0.2,0.01,39842.0,4.0,1080.0,1080.0,1080.0,1080.0,994.0,
Campbell,2020-04-04,,78.0,0.2,0.013,39842.0,5.0,1081.0,1081.0,1081.0,1081.0,,
Bradley,2020-03-20,0.0,,,,,1.0,1082.0,1082.0,1082.0,1082.0,995.0,47011.0
Bradley,2020-03-21,0.0,,,,,1.0,1083.0,1083.0,1083.0,1083.0,996.0,47011.0
Bradley,2020-03-22,0.0,,,,,2.0,1084.0,1084.0,1084.0,1084.0,997.0,47011.0
Bradley,2020-03-23,0.0,,,,,2.0,1085.0,1085.0,1085.0,1085.0,998.0,47011.0
Bradley,2020-03-24,0.0,,,,,2.0,1086.0,1086.0,1086.0,1086.0,999.0,47011.0
Bradley,2020-03-25,0.0,,,,,3.0,1087.0,1087.0,1087.0,1087.0,1000.0,47011.0
Bradley,2020-03-26,0.0,,,,,5.0,1088.0,1088.0,1088.0,1088.0,1001.0,47011.0
Bradley,2020-03-27,0.0,,,,,6.0,1089.0,1089.0,1089.0,1089.0,1002.0,47011.0
Bradley,2020-03-28,,,,0.005,108110.0,5.0,1090.0,1090.0,1090.0,1090.0,1003.0,
Bradley,2020-03-29,,,,0.006999999999999999,108110.0,8.0,1091.0,1091.0,1091.0,1091.0,1004.0,
Bradley,2020-03-30,,,,0.008,108110.0,9.0,1092.0,1092.0,1092.0,1092.0,1005.0,
Bradley,2020-03-31,,109.0,0.1,0.009000000000000001,108110.0,10.0,1093.0,1093.0,1093.0,1093.0,1006.0,
Bradley,2020-04-01,,142.0,0.1,0.013000000000000001,108110.0,14.0,1094.0,1094.0,1094.0,1094.0,1007.0,
Bradley,2020-04-02,,171.0,0.2,0.017,108110.0,18.0,1095.0,1095.0,1095.0,1095.0,1008.0,
Bradley,2020-04-03,,191.0,0.2,0.019,108110.0,21.0,1096.0,1096.0,1096.0,1096.0,1009.0,
Bradley,2020-04-04,,207.0,0.2,0.019,108110.0,21.0,1097.0,1097.0,1097.0,1097.0,,
Blount,2020-03-20,0.0,,,,,1.0,1098.0,1098.0,1098.0,1098.0,1010.0,47009.0
Blount,2020-03-21,0.0,,,,,1.0,1099.0,1099.0,1099.0,1099.0,1011.0,47009.0
Blount,2020-03-22,0.0,,,,,1.0,1100.0,1100.0,1100.0,1100.0,1012.0,47009.0
Blount,2020-03-23,0.0,,,,,1.0,1101.0,1101.0,1101.0,1101.0,1013.0,47009.0
Blount,2020-03-24,0.0,,,,,3.0,1102.0,1102.0,1102.0,1102.0,1014.0,47009.0
Blount,2020-03-25,0.0,,,,,3.0,1103.0,1103.0,1103.0,1103.0,1015.0,47009.0
Blount,2020-03-26,0.0,,,,,4.0,1104.0,1104.0,1104.0,1104.0,1016.0,47009.0
Blount,2020-03-27,0.0,,,,,6.0,1105.0,1105.0,1105.0,1105.0,1017.0,47009.0
Blount,2020-03-28,,,,0.006999999999999999,133088.0,9.0,1106.0,1106.0,1106.0,1106.0,1018.0,
Blount,2020-03-29,,,,0.006999999999999999,133088.0,9.0,1107.0,1107.0,1107.0,1107.0,1019.0,
Blount,2020-03-30,,,,0.008,133088.0,10.0,1108.0,1108.0,1108.0,1108.0,1020.0,
Blount,2020-03-31,,124.0,0.1,0.019,133088.0,25.0,1109.0,1109.0,1109.0,1109.0,1021.0,
Blount,2020-04-01,,131.0,0.1,0.021,133088.0,28.0,1110.0,1110.0,1110.0,1110.0,1022.0,
Blount,2020-04-02,,148.0,0.1,0.024,133088.0,32.0,1111.0,1111.0,1111.0,1111.0,1023.0,
Blount,2020-04-03,,169.0,0.2,0.025,133088.0,33.0,1112.0,1112.0,1112.0,1112.0,1024.0,
Blount,2020-04-04,,259.0,0.2,0.026,133088.0,34.0,1113.0,1113.0,1113.0,1113.0,,
Bledsoe,2020-03-28,,,,0.013000000000000001,15064.0,2.0,1114.0,1114.0,1114.0,1114.0,1025.0,
Bledsoe,2020-03-29,,,,0.013000000000000001,15064.0,2.0,1115.0,1115.0,1115.0,1115.0,1026.0,
Bledsoe,2020-03-30,,,,0.013000000000000001,15064.0,2.0,1116.0,1116.0,1116.0,1116.0,1027.0,
Bledsoe,2020-03-31,,8.0,0.1,0.013000000000000001,15064.0,2.0,1117.0,1117.0,1117.0,1117.0,1028.0,
Bledsoe,2020-04-01,,8.0,0.1,0.013000000000000001,15064.0,2.0,1118.0,1118.0,1118.0,1118.0,1029.0,
Bledsoe,2020-04-02,,15.0,0.1,0.013000000000000001,15064.0,2.0,1119.0,1119.0,1119.0,1119.0,1030.0,
Bledsoe,2020-04-03,,22.0,0.2,0.013000000000000001,15064.0,2.0,1120.0,1120.0,1120.0,1120.0,1031.0,
Bledsoe,2020-04-04,,22.0,0.2,0.013,15064.0,2.0,1121.0,1121.0,1121.0,1121.0,,
Benton,2020-03-26,0.0,,,,,1.0,1122.0,1122.0,1122.0,1122.0,1032.0,47005.0
Benton,2020-03-27,0.0,,,,,2.0,1123.0,1123.0,1123.0,1123.0,1033.0,47005.0
Benton,2020-03-28,,,,0.019,16160.0,3.0,1124.0,1124.0,1124.0,1124.0,1034.0,
Benton,2020-03-29,,,,0.019,16160.0,3.0,1125.0,1125.0,1125.0,1125.0,1035.0,
Benton,2020-03-30,,,,0.019,16160.0,3.0,1126.0,1126.0,1126.0,1126.0,1036.0,
Benton,2020-03-31,,32.0,0.2,0.025,16160.0,4.0,1127.0,1127.0,1127.0,1127.0,1037.0,
Benton,2020-04-01,,35.0,0.2,0.025,16160.0,4.0,1128.0,1128.0,1128.0,1128.0,1038.0,
Benton,2020-04-02,,36.0,0.2,0.025,16160.0,4.0,1129.0,1129.0,1129.0,1129.0,1039.0,
Benton,2020-04-03,,38.0,0.3,0.025,16160.0,4.0,1130.0,1130.0,1130.0,1130.0,1040.0,
Benton,2020-04-04,,47.0,0.3,0.025,16160.0,4.0,1131.0,1131.0,1131.0,1131.0,,
Bedford,2020-03-25,0.0,,,,,1.0,1132.0,1132.0,1132.0,1132.0,1041.0,47003.0
Bedford,2020-03-26,0.0,,,,,1.0,1133.0,1133.0,1133.0,1133.0,1042.0,47003.0
Bedford,2020-03-27,0.0,,,,,1.0,1134.0,1134.0,1134.0,1134.0,1043.0,47003.0
Bedford,2020-03-28,,,,0.002,49713.0,1.0,1135.0,1135.0,1135.0,1135.0,1044.0,
Bedford,2020-03-29,,,,0.002,49713.0,1.0,1136.0,1136.0,1136.0,1136.0,1045.0,
Bedford,2020-03-30,,,,0.002,49713.0,1.0,1137.0,1137.0,1137.0,1137.0,1046.0,
Bedford,2020-03-31,,74.0,0.2,0.004,49713.0,2.0,1138.0,1138.0,1138.0,1138.0,1047.0,
Bedford,2020-04-01,,77.0,0.2,0.008,49713.0,4.0,1139.0,1139.0,1139.0,1139.0,1048.0,
Bedford,2020-04-02,,110.0,0.2,0.012,49713.0,6.0,1140.0,1140.0,1140.0,1140.0,1049.0,
Bedford,2020-04-03,,119.0,0.3,0.012,49713.0,6.0,1141.0,1141.0,1141.0,1141.0,1050.0,
Bedford,2020-04-04,,120.0,0.3,0.016,49713.0,8.0,1142.0,1142.0,1142.0,1142.0,,
Anderson,2020-03-20,0.0,,,,,1.0,1143.0,1143.0,1143.0,1143.0,1051.0,47001.0
Anderson,2020-03-21,0.0,,,,,1.0,1144.0,1144.0,1144.0,1144.0,1052.0,47001.0
Anderson,2020-03-22,0.0,,,,,1.0,1145.0,1145.0,1145.0,1145.0,1053.0,47001.0
Anderson,2020-03-23,0.0,,,,,1.0,1146.0,1146.0,1146.0,1146.0,1054.0,47001.0
Anderson,2020-03-24,0.0,,,,,1.0,1147.0,1147.0,1147.0,1147.0,1055.0,47001.0
Anderson,2020-03-25,0.0,,,,,3.0,1148.0,1148.0,1148.0,1148.0,1056.0,47001.0
Anderson,2020-03-26,0.0,,,,,3.0,1149.0,1149.0,1149.0,1149.0,1057.0,47001.0
Anderson,2020-03-27,0.0,,,,,4.0,1150.0,1150.0,1150.0,1150.0,1058.0,47001.0
Anderson,2020-03-28,,,,0.006,76978.0,5.0,1151.0,1151.0,1151.0,1151.0,1059.0,
Anderson,2020-03-29,,,,0.008,76978.0,6.0,1152.0,1152.0,1152.0,1152.0,1060.0,
Anderson,2020-03-30,,,,0.012,76978.0,9.0,1153.0,1153.0,1153.0,1153.0,1061.0,
Anderson,2020-03-31,,129.0,0.2,0.013000000000000001,76978.0,10.0,1154.0,1154.0,1154.0,1154.0,1062.0,
Anderson,2020-04-01,,135.0,0.2,0.013000000000000001,76978.0,10.0,1155.0,1155.0,1155.0,1155.0,1063.0,
Anderson,2020-04-02,,164.0,0.2,0.013000000000000001,76978.0,10.0,1156.0,1156.0,1156.0,1156.0,1064.0,
Anderson,2020-04-03,,180.0,0.2,0.013000000000000001,76978.0,10.0,1157.0,1157.0,1157.0,1157.0,1065.0,
Anderson,2020-04-04,,203.0,0.3,0.013,76978.0,10.0,1158.0,1158.0,1158.0,1158.0,,
